/bridge/00004000.jpg;2
/bridge/00004001.jpg;2
/bridge/00004002.jpg;2
/bridge/00004003.jpg;2
/bridge/00004004.jpg;2
/bridge/00004005.jpg;2
/bridge/00004006.jpg;2
/bridge/00004007.jpg;2
/bridge/00004008.jpg;2
/bridge/00004009.jpg;2
/bridge/00004010.jpg;2
/bridge/00004011.jpg;2
/bridge/00004012.jpg;2
/bridge/00004013.jpg;2
/bridge/00004014.jpg;2
/bridge/00004015.jpg;2
/bridge/00004016.jpg;2
/bridge/00004017.jpg;2
/bridge/00004018.jpg;2
/bridge/00004019.jpg;2
/bridge/00004020.jpg;2
/bridge/00004021.jpg;2
/bridge/00004022.jpg;2
/bridge/00004023.jpg;2
/bridge/00004024.jpg;2
/bridge/00004025.jpg;2
/bridge/00004026.jpg;2
/bridge/00004027.jpg;2
/bridge/00004028.jpg;2
/bridge/00004029.jpg;2
/bridge/00004030.jpg;2
/bridge/00004031.jpg;2
/bridge/00004032.jpg;2
/bridge/00004033.jpg;2
/bridge/00004034.jpg;2
/bridge/00004035.jpg;2
/bridge/00004036.jpg;2
/bridge/00004037.jpg;2
/bridge/00004038.jpg;2
/bridge/00004039.jpg;2
/bridge/00004040.jpg;2
/bridge/00004041.jpg;2
/bridge/00004042.jpg;2
/bridge/00004043.jpg;2
/bridge/00004044.jpg;2
/bridge/00004045.jpg;2
/bridge/00004046.jpg;2
/bridge/00004047.jpg;2
/bridge/00004048.jpg;2
/bridge/00004049.jpg;2
/bridge/00004050.jpg;2
/bridge/00004051.jpg;2
/bridge/00004052.jpg;2
/bridge/00004053.jpg;2
/bridge/00004054.jpg;2
/bridge/00004055.jpg;2
/bridge/00004056.jpg;2
/bridge/00004057.jpg;2
/bridge/00004058.jpg;2
/bridge/00004059.jpg;2
/bridge/00004060.jpg;2
/bridge/00004061.jpg;2
/bridge/00004062.jpg;2
/bridge/00004063.jpg;2
/bridge/00004064.jpg;2
/bridge/00004065.jpg;2
/bridge/00004066.jpg;2
/bridge/00004067.jpg;2
/bridge/00004068.jpg;2
/bridge/00004069.jpg;2
/bridge/00004070.jpg;2
/bridge/00004071.jpg;2
/bridge/00004072.jpg;2
/bridge/00004073.jpg;2
/bridge/00004074.jpg;2
/bridge/00004075.jpg;2
/bridge/00004076.jpg;2
/bridge/00004077.jpg;2
/bridge/00004078.jpg;2
/bridge/00004079.jpg;2
/bridge/00004080.jpg;2
/bridge/00004081.jpg;2
/bridge/00004082.jpg;2
/bridge/00004083.jpg;2
/bridge/00004084.jpg;2
/bridge/00004085.jpg;2
/bridge/00004086.jpg;2
/bridge/00004087.jpg;2
/bridge/00004088.jpg;2
/bridge/00004089.jpg;2
/bridge/00004090.jpg;2
/bridge/00004091.jpg;2
/bridge/00004092.jpg;2
/bridge/00004093.jpg;2
/bridge/00004094.jpg;2
/bridge/00004095.jpg;2
/bridge/00004096.jpg;2
/bridge/00004097.jpg;2
/bridge/00004098.jpg;2
/bridge/00004099.jpg;2
/bridge/00004100.jpg;2
/bridge/00004101.jpg;2
/bridge/00004102.jpg;2
/bridge/00004103.jpg;2
/bridge/00004104.jpg;2
/bridge/00004105.jpg;2
/bridge/00004106.jpg;2
/bridge/00004107.jpg;2
/bridge/00004108.jpg;2
/bridge/00004109.jpg;2
/bridge/00004110.jpg;2
/bridge/00004111.jpg;2
/bridge/00004112.jpg;2
/bridge/00004113.jpg;2
/bridge/00004114.jpg;2
/bridge/00004115.jpg;2
/bridge/00004116.jpg;2
/bridge/00004117.jpg;2
/bridge/00004118.jpg;2
/bridge/00004119.jpg;2
/bridge/00004120.jpg;2
/bridge/00004121.jpg;2
/bridge/00004122.jpg;2
/bridge/00004123.jpg;2
/bridge/00004124.jpg;2
/bridge/00004125.jpg;2
/bridge/00004126.jpg;2
/bridge/00004127.jpg;2
/bridge/00004128.jpg;2
/bridge/00004129.jpg;2
/bridge/00004130.jpg;2
/bridge/00004131.jpg;2
/bridge/00004132.jpg;2
/bridge/00004133.jpg;2
/bridge/00004134.jpg;2
/bridge/00004135.jpg;2
/bridge/00004136.jpg;2
/bridge/00004137.jpg;2
/bridge/00004138.jpg;2
/bridge/00004139.jpg;2
/bridge/00004140.jpg;2
/bridge/00004141.jpg;2
/bridge/00004142.jpg;2
/bridge/00004143.jpg;2
/bridge/00004144.jpg;2
/bridge/00004145.jpg;2
/bridge/00004146.jpg;2
/bridge/00004147.jpg;2
/bridge/00004148.jpg;2
/bridge/00004149.jpg;2
/bridge/00004150.jpg;2
/bridge/00004151.jpg;2
/bridge/00004152.jpg;2
/bridge/00004153.jpg;2
/bridge/00004154.jpg;2
/bridge/00004155.jpg;2
/bridge/00004156.jpg;2
/bridge/00004157.jpg;2
/bridge/00004158.jpg;2
/bridge/00004159.jpg;2
/bridge/00004160.jpg;2
/bridge/00004161.jpg;2
/bridge/00004162.jpg;2
/bridge/00004163.jpg;2
/bridge/00004164.jpg;2
/bridge/00004165.jpg;2
/bridge/00004166.jpg;2
/bridge/00004167.jpg;2
/bridge/00004168.jpg;2
/bridge/00004169.jpg;2
/bridge/00004170.jpg;2
/bridge/00004171.jpg;2
/bridge/00004172.jpg;2
/bridge/00004173.jpg;2
/bridge/00004174.jpg;2
/bridge/00004175.jpg;2
/bridge/00004176.jpg;2
/bridge/00004177.jpg;2
/bridge/00004178.jpg;2
/bridge/00004179.jpg;2
/bridge/00004180.jpg;2
/bridge/00004181.jpg;2
/bridge/00004182.jpg;2
/bridge/00004183.jpg;2
/bridge/00004184.jpg;2
/bridge/00004185.jpg;2
/bridge/00004186.jpg;2
/bridge/00004187.jpg;2
/bridge/00004188.jpg;2
/bridge/00004189.jpg;2
/bridge/00004190.jpg;2
/bridge/00004191.jpg;2
/bridge/00004192.jpg;2
/bridge/00004193.jpg;2
/bridge/00004194.jpg;2
/bridge/00004195.jpg;2
/bridge/00004196.jpg;2
/bridge/00004197.jpg;2
/bridge/00004198.jpg;2
/bridge/00004199.jpg;2
/bridge/00004200.jpg;2
/bridge/00004201.jpg;2
/bridge/00004202.jpg;2
/bridge/00004203.jpg;2
/bridge/00004204.jpg;2
/bridge/00004205.jpg;2
/bridge/00004206.jpg;2
/bridge/00004207.jpg;2
/bridge/00004208.jpg;2
/bridge/00004209.jpg;2
/bridge/00004210.jpg;2
/bridge/00004211.jpg;2
/bridge/00004212.jpg;2
/bridge/00004213.jpg;2
/bridge/00004214.jpg;2
/bridge/00004215.jpg;2
/bridge/00004216.jpg;2
/bridge/00004217.jpg;2
/bridge/00004218.jpg;2
/bridge/00004219.jpg;2
/bridge/00004220.jpg;2
/bridge/00004221.jpg;2
/bridge/00004222.jpg;2
/bridge/00004223.jpg;2
/bridge/00004224.jpg;2
/bridge/00004225.jpg;2
/bridge/00004226.jpg;2
/bridge/00004227.jpg;2
/bridge/00004228.jpg;2
/bridge/00004229.jpg;2
/bridge/00004230.jpg;2
/bridge/00004231.jpg;2
/bridge/00004232.jpg;2
/bridge/00004233.jpg;2
/bridge/00004234.jpg;2
/bridge/00004235.jpg;2
/bridge/00004236.jpg;2
/bridge/00004237.jpg;2
/bridge/00004238.jpg;2
/bridge/00004239.jpg;2
/bridge/00004240.jpg;2
/bridge/00004241.jpg;2
/bridge/00004242.jpg;2
/bridge/00004243.jpg;2
/bridge/00004244.jpg;2
/bridge/00004245.jpg;2
/bridge/00004246.jpg;2
/bridge/00004247.jpg;2
/bridge/00004248.jpg;2
/bridge/00004249.jpg;2
/bridge/00004250.jpg;2
/bridge/00004251.jpg;2
/bridge/00004252.jpg;2
/bridge/00004253.jpg;2
/bridge/00004254.jpg;2
/bridge/00004255.jpg;2
/bridge/00004256.jpg;2
/bridge/00004257.jpg;2
/bridge/00004258.jpg;2
/bridge/00004259.jpg;2
/bridge/00004260.jpg;2
/bridge/00004261.jpg;2
/bridge/00004262.jpg;2
/bridge/00004263.jpg;2
/bridge/00004264.jpg;2
/bridge/00004265.jpg;2
/bridge/00004266.jpg;2
/bridge/00004267.jpg;2
/bridge/00004268.jpg;2
/bridge/00004269.jpg;2
/bridge/00004270.jpg;2
/bridge/00004271.jpg;2
/bridge/00004272.jpg;2
/bridge/00004273.jpg;2
/bridge/00004274.jpg;2
/bridge/00004275.jpg;2
/bridge/00004276.jpg;2
/bridge/00004277.jpg;2
/bridge/00004278.jpg;2
/bridge/00004279.jpg;2
/bridge/00004280.jpg;2
/bridge/00004281.jpg;2
/bridge/00004282.jpg;2
/bridge/00004283.jpg;2
/bridge/00004284.jpg;2
/bridge/00004285.jpg;2
/bridge/00004286.jpg;2
/bridge/00004287.jpg;2
/bridge/00004288.jpg;2
/bridge/00004289.jpg;2
/bridge/00004290.jpg;2
/bridge/00004291.jpg;2
/bridge/00004292.jpg;2
/bridge/00004293.jpg;2
/bridge/00004294.jpg;2
/bridge/00004295.jpg;2
/bridge/00004296.jpg;2
/bridge/00004297.jpg;2
/bridge/00004298.jpg;2
/bridge/00004299.jpg;2
/bridge/00004300.jpg;2
/bridge/00004301.jpg;2
/bridge/00004302.jpg;2
/bridge/00004303.jpg;2
/bridge/00004304.jpg;2
/bridge/00004305.jpg;2
/bridge/00004306.jpg;2
/bridge/00004307.jpg;2
/bridge/00004308.jpg;2
/bridge/00004309.jpg;2
/bridge/00004310.jpg;2
/bridge/00004311.jpg;2
/bridge/00004312.jpg;2
/bridge/00004313.jpg;2
/bridge/00004314.jpg;2
/bridge/00004315.jpg;2
/bridge/00004316.jpg;2
/bridge/00004317.jpg;2
/bridge/00004318.jpg;2
/bridge/00004319.jpg;2
/bridge/00004320.jpg;2
/bridge/00004321.jpg;2
/bridge/00004322.jpg;2
/bridge/00004323.jpg;2
/bridge/00004324.jpg;2
/bridge/00004325.jpg;2
/bridge/00004326.jpg;2
/bridge/00004327.jpg;2
/bridge/00004328.jpg;2
/bridge/00004329.jpg;2
/bridge/00004330.jpg;2
/bridge/00004331.jpg;2
/bridge/00004332.jpg;2
/bridge/00004333.jpg;2
/bridge/00004334.jpg;2
/bridge/00004335.jpg;2
/bridge/00004336.jpg;2
/bridge/00004337.jpg;2
/bridge/00004338.jpg;2
/bridge/00004339.jpg;2
/bridge/00004340.jpg;2
/bridge/00004341.jpg;2
/bridge/00004342.jpg;2
/bridge/00004343.jpg;2
/bridge/00004344.jpg;2
/bridge/00004345.jpg;2
/bridge/00004346.jpg;2
/bridge/00004347.jpg;2
/bridge/00004348.jpg;2
/bridge/00004349.jpg;2
/bridge/00004350.jpg;2
/bridge/00004351.jpg;2
/bridge/00004352.jpg;2
/bridge/00004353.jpg;2
/bridge/00004354.jpg;2
/bridge/00004355.jpg;2
/bridge/00004356.jpg;2
/bridge/00004357.jpg;2
/bridge/00004358.jpg;2
/bridge/00004359.jpg;2
/bridge/00004360.jpg;2
/bridge/00004361.jpg;2
/bridge/00004362.jpg;2
/bridge/00004363.jpg;2
/bridge/00004364.jpg;2
/bridge/00004365.jpg;2
/bridge/00004366.jpg;2
/bridge/00004367.jpg;2
/bridge/00004368.jpg;2
/bridge/00004369.jpg;2
/bridge/00004370.jpg;2
/bridge/00004371.jpg;2
/bridge/00004372.jpg;2
/bridge/00004373.jpg;2
/bridge/00004374.jpg;2
/bridge/00004375.jpg;2
/bridge/00004376.jpg;2
/bridge/00004377.jpg;2
/bridge/00004378.jpg;2
/bridge/00004379.jpg;2
/bridge/00004380.jpg;2
/bridge/00004381.jpg;2
/bridge/00004382.jpg;2
/bridge/00004383.jpg;2
/bridge/00004384.jpg;2
/bridge/00004385.jpg;2
/bridge/00004386.jpg;2
/bridge/00004387.jpg;2
/bridge/00004388.jpg;2
/bridge/00004389.jpg;2
/bridge/00004390.jpg;2
/bridge/00004391.jpg;2
/bridge/00004392.jpg;2
/bridge/00004393.jpg;2
/bridge/00004394.jpg;2
/bridge/00004395.jpg;2
/bridge/00004396.jpg;2
/bridge/00004397.jpg;2
/bridge/00004398.jpg;2
/bridge/00004399.jpg;2
/bridge/00004400.jpg;2
/bridge/00004401.jpg;2
/bridge/00004402.jpg;2
/bridge/00004403.jpg;2
/bridge/00004404.jpg;2
/bridge/00004405.jpg;2
/bridge/00004406.jpg;2
/bridge/00004407.jpg;2
/bridge/00004408.jpg;2
/bridge/00004409.jpg;2
/bridge/00004410.jpg;2
/bridge/00004411.jpg;2
/bridge/00004412.jpg;2
/bridge/00004413.jpg;2
/bridge/00004414.jpg;2
/bridge/00004415.jpg;2
/bridge/00004416.jpg;2
/bridge/00004417.jpg;2
/bridge/00004418.jpg;2
/bridge/00004419.jpg;2
/bridge/00004420.jpg;2
/bridge/00004421.jpg;2
/bridge/00004422.jpg;2
/bridge/00004423.jpg;2
/bridge/00004424.jpg;2
/bridge/00004425.jpg;2
/bridge/00004426.jpg;2
/bridge/00004427.jpg;2
/bridge/00004428.jpg;2
/bridge/00004429.jpg;2
/bridge/00004430.jpg;2
/bridge/00004431.jpg;2
/bridge/00004432.jpg;2
/bridge/00004433.jpg;2
/bridge/00004434.jpg;2
/bridge/00004435.jpg;2
/bridge/00004436.jpg;2
/bridge/00004437.jpg;2
/bridge/00004438.jpg;2
/bridge/00004439.jpg;2
/bridge/00004440.jpg;2
/bridge/00004441.jpg;2
/bridge/00004442.jpg;2
/bridge/00004443.jpg;2
/bridge/00004444.jpg;2
/bridge/00004445.jpg;2
/bridge/00004446.jpg;2
/bridge/00004447.jpg;2
/bridge/00004448.jpg;2
/bridge/00004449.jpg;2
/bridge/00004450.jpg;2
/bridge/00004451.jpg;2
/bridge/00004452.jpg;2
/bridge/00004453.jpg;2
/bridge/00004454.jpg;2
/bridge/00004455.jpg;2
/bridge/00004456.jpg;2
/bridge/00004457.jpg;2
/bridge/00004458.jpg;2
/bridge/00004459.jpg;2
/bridge/00004460.jpg;2
/bridge/00004461.jpg;2
/bridge/00004462.jpg;2
/bridge/00004463.jpg;2
/bridge/00004464.jpg;2
/bridge/00004465.jpg;2
/bridge/00004466.jpg;2
/bridge/00004467.jpg;2
/bridge/00004468.jpg;2
/bridge/00004469.jpg;2
/bridge/00004470.jpg;2
/bridge/00004471.jpg;2
/bridge/00004472.jpg;2
/bridge/00004473.jpg;2
/bridge/00004474.jpg;2
/bridge/00004475.jpg;2
/bridge/00004476.jpg;2
/bridge/00004477.jpg;2
/bridge/00004478.jpg;2
/bridge/00004479.jpg;2
/bridge/00004480.jpg;2
/bridge/00004481.jpg;2
/bridge/00004482.jpg;2
/bridge/00004483.jpg;2
/bridge/00004484.jpg;2
/bridge/00004485.jpg;2
/bridge/00004486.jpg;2
/bridge/00004487.jpg;2
/bridge/00004488.jpg;2
/bridge/00004489.jpg;2
/bridge/00004490.jpg;2
/bridge/00004491.jpg;2
/bridge/00004492.jpg;2
/bridge/00004493.jpg;2
/bridge/00004494.jpg;2
/bridge/00004495.jpg;2
/bridge/00004496.jpg;2
/bridge/00004497.jpg;2
/bridge/00004498.jpg;2
/bridge/00004499.jpg;2
/bridge/00004500.jpg;2
/bridge/00004501.jpg;2
/bridge/00004502.jpg;2
/bridge/00004503.jpg;2
/bridge/00004504.jpg;2
/bridge/00004505.jpg;2
/bridge/00004506.jpg;2
/bridge/00004507.jpg;2
/bridge/00004508.jpg;2
/bridge/00004509.jpg;2
/bridge/00004510.jpg;2
/bridge/00004511.jpg;2
/bridge/00004512.jpg;2
/bridge/00004513.jpg;2
/bridge/00004514.jpg;2
/bridge/00004515.jpg;2
/bridge/00004516.jpg;2
/bridge/00004517.jpg;2
/bridge/00004518.jpg;2
/bridge/00004519.jpg;2
/bridge/00004520.jpg;2
/bridge/00004521.jpg;2
/bridge/00004522.jpg;2
/bridge/00004523.jpg;2
/bridge/00004524.jpg;2
/bridge/00004525.jpg;2
/bridge/00004526.jpg;2
/bridge/00004527.jpg;2
/bridge/00004528.jpg;2
/bridge/00004529.jpg;2
/bridge/00004530.jpg;2
/bridge/00004531.jpg;2
/bridge/00004532.jpg;2
/bridge/00004533.jpg;2
/bridge/00004534.jpg;2
/bridge/00004535.jpg;2
/bridge/00004536.jpg;2
/bridge/00004537.jpg;2
/bridge/00004538.jpg;2
/bridge/00004539.jpg;2
/bridge/00004540.jpg;2
/bridge/00004541.jpg;2
/bridge/00004542.jpg;2
/bridge/00004543.jpg;2
/bridge/00004544.jpg;2
/bridge/00004545.jpg;2
/bridge/00004546.jpg;2
/bridge/00004547.jpg;2
/bridge/00004548.jpg;2
/bridge/00004549.jpg;2
/bridge/00004550.jpg;2
/bridge/00004551.jpg;2
/bridge/00004552.jpg;2
/bridge/00004553.jpg;2
/bridge/00004554.jpg;2
/bridge/00004555.jpg;2
/bridge/00004556.jpg;2
/bridge/00004557.jpg;2
/bridge/00004558.jpg;2
/bridge/00004559.jpg;2
/bridge/00004560.jpg;2
/bridge/00004561.jpg;2
/bridge/00004562.jpg;2
/bridge/00004563.jpg;2
/bridge/00004564.jpg;2
/bridge/00004565.jpg;2
/bridge/00004566.jpg;2
/bridge/00004567.jpg;2
/bridge/00004568.jpg;2
/bridge/00004569.jpg;2
/bridge/00004570.jpg;2
/bridge/00004571.jpg;2
/bridge/00004572.jpg;2
/bridge/00004573.jpg;2
/bridge/00004574.jpg;2
/bridge/00004575.jpg;2
/bridge/00004576.jpg;2
/bridge/00004577.jpg;2
/bridge/00004578.jpg;2
/bridge/00004579.jpg;2
/bridge/00004580.jpg;2
/bridge/00004581.jpg;2
/bridge/00004582.jpg;2
/bridge/00004583.jpg;2
/bridge/00004584.jpg;2
/bridge/00004585.jpg;2
/bridge/00004586.jpg;2
/bridge/00004587.jpg;2
/bridge/00004588.jpg;2
/bridge/00004589.jpg;2
/bridge/00004590.jpg;2
/bridge/00004591.jpg;2
/bridge/00004592.jpg;2
/bridge/00004593.jpg;2
/bridge/00004594.jpg;2
/bridge/00004595.jpg;2
/bridge/00004596.jpg;2
/bridge/00004597.jpg;2
/bridge/00004598.jpg;2
/bridge/00004599.jpg;2
/bridge/00004600.jpg;2
/bridge/00004601.jpg;2
/bridge/00004602.jpg;2
/bridge/00004603.jpg;2
/bridge/00004604.jpg;2
/bridge/00004605.jpg;2
/bridge/00004606.jpg;2
/bridge/00004607.jpg;2
/bridge/00004608.jpg;2
/bridge/00004609.jpg;2
/bridge/00004610.jpg;2
/bridge/00004611.jpg;2
/bridge/00004612.jpg;2
/bridge/00004613.jpg;2
/bridge/00004614.jpg;2
/bridge/00004615.jpg;2
/bridge/00004616.jpg;2
/bridge/00004617.jpg;2
/bridge/00004618.jpg;2
/bridge/00004619.jpg;2
/bridge/00004620.jpg;2
/bridge/00004621.jpg;2
/bridge/00004622.jpg;2
/bridge/00004623.jpg;2
/bridge/00004624.jpg;2
/bridge/00004625.jpg;2
/bridge/00004626.jpg;2
/bridge/00004627.jpg;2
/bridge/00004628.jpg;2
/bridge/00004629.jpg;2
/bridge/00004630.jpg;2
/bridge/00004631.jpg;2
/bridge/00004632.jpg;2
/bridge/00004633.jpg;2
/bridge/00004634.jpg;2
/bridge/00004635.jpg;2
/bridge/00004636.jpg;2
/bridge/00004637.jpg;2
/bridge/00004638.jpg;2
/bridge/00004639.jpg;2
/bridge/00004640.jpg;2
/bridge/00004641.jpg;2
/bridge/00004642.jpg;2
/bridge/00004643.jpg;2
/bridge/00004644.jpg;2
/bridge/00004645.jpg;2
/bridge/00004646.jpg;2
/bridge/00004647.jpg;2
/bridge/00004648.jpg;2
/bridge/00004649.jpg;2
/bridge/00004650.jpg;2
/bridge/00004651.jpg;2
/bridge/00004652.jpg;2
/bridge/00004653.jpg;2
/bridge/00004654.jpg;2
/bridge/00004655.jpg;2
/bridge/00004656.jpg;2
/bridge/00004657.jpg;2
/bridge/00004658.jpg;2
/bridge/00004659.jpg;2
/bridge/00004660.jpg;2
/bridge/00004661.jpg;2
/bridge/00004662.jpg;2
/bridge/00004663.jpg;2
/bridge/00004664.jpg;2
/bridge/00004665.jpg;2
/bridge/00004666.jpg;2
/bridge/00004667.jpg;2
/bridge/00004668.jpg;2
/bridge/00004669.jpg;2
/bridge/00004670.jpg;2
/bridge/00004671.jpg;2
/bridge/00004672.jpg;2
/bridge/00004673.jpg;2
/bridge/00004674.jpg;2
/bridge/00004675.jpg;2
/bridge/00004676.jpg;2
/bridge/00004677.jpg;2
/bridge/00004678.jpg;2
/bridge/00004679.jpg;2
/bridge/00004680.jpg;2
/bridge/00004681.jpg;2
/bridge/00004682.jpg;2
/bridge/00004683.jpg;2
/bridge/00004684.jpg;2
/bridge/00004685.jpg;2
/bridge/00004686.jpg;2
/bridge/00004687.jpg;2
/bridge/00004688.jpg;2
/bridge/00004689.jpg;2
/bridge/00004690.jpg;2
/bridge/00004691.jpg;2
/bridge/00004692.jpg;2
/bridge/00004693.jpg;2
/bridge/00004694.jpg;2
/bridge/00004695.jpg;2
/bridge/00004696.jpg;2
/bridge/00004697.jpg;2
/bridge/00004698.jpg;2
/bridge/00004699.jpg;2
/bridge/00004700.jpg;2
/bridge/00004701.jpg;2
/bridge/00004702.jpg;2
/bridge/00004703.jpg;2
/bridge/00004704.jpg;2
/bridge/00004705.jpg;2
/bridge/00004706.jpg;2
/bridge/00004707.jpg;2
/bridge/00004708.jpg;2
/bridge/00004709.jpg;2
/bridge/00004710.jpg;2
/bridge/00004711.jpg;2
/bridge/00004712.jpg;2
/bridge/00004713.jpg;2
/bridge/00004714.jpg;2
/bridge/00004715.jpg;2
/bridge/00004716.jpg;2
/bridge/00004717.jpg;2
/bridge/00004718.jpg;2
/bridge/00004719.jpg;2
/bridge/00004720.jpg;2
/bridge/00004721.jpg;2
/bridge/00004722.jpg;2
/bridge/00004723.jpg;2
/bridge/00004724.jpg;2
/bridge/00004725.jpg;2
/bridge/00004726.jpg;2
/bridge/00004727.jpg;2
/bridge/00004728.jpg;2
/bridge/00004729.jpg;2
/bridge/00004730.jpg;2
/bridge/00004731.jpg;2
/bridge/00004732.jpg;2
/bridge/00004733.jpg;2
/bridge/00004734.jpg;2
/bridge/00004735.jpg;2
/bridge/00004736.jpg;2
/bridge/00004737.jpg;2
/bridge/00004738.jpg;2
/bridge/00004739.jpg;2
/bridge/00004740.jpg;2
/bridge/00004741.jpg;2
/bridge/00004742.jpg;2
/bridge/00004743.jpg;2
/bridge/00004744.jpg;2
/bridge/00004745.jpg;2
/bridge/00004746.jpg;2
/bridge/00004747.jpg;2
/bridge/00004748.jpg;2
/bridge/00004749.jpg;2
/bridge/00004750.jpg;2
/bridge/00004751.jpg;2
/bridge/00004752.jpg;2
/bridge/00004753.jpg;2
/bridge/00004754.jpg;2
/bridge/00004755.jpg;2
/bridge/00004756.jpg;2
/bridge/00004757.jpg;2
/bridge/00004758.jpg;2
/bridge/00004759.jpg;2
/bridge/00004760.jpg;2
/bridge/00004761.jpg;2
/bridge/00004762.jpg;2
/bridge/00004763.jpg;2
/bridge/00004764.jpg;2
/bridge/00004765.jpg;2
/bridge/00004766.jpg;2
/bridge/00004767.jpg;2
/bridge/00004768.jpg;2
/bridge/00004769.jpg;2
/bridge/00004770.jpg;2
/bridge/00004771.jpg;2
/bridge/00004772.jpg;2
/bridge/00004773.jpg;2
/bridge/00004774.jpg;2
/bridge/00004775.jpg;2
/bridge/00004776.jpg;2
/bridge/00004777.jpg;2
/bridge/00004778.jpg;2
/bridge/00004779.jpg;2
/bridge/00004780.jpg;2
/bridge/00004781.jpg;2
/bridge/00004782.jpg;2
/bridge/00004783.jpg;2
/bridge/00004784.jpg;2
/bridge/00004785.jpg;2
/bridge/00004786.jpg;2
/bridge/00004787.jpg;2
/bridge/00004788.jpg;2
/bridge/00004789.jpg;2
/bridge/00004790.jpg;2
/bridge/00004791.jpg;2
/bridge/00004792.jpg;2
/bridge/00004793.jpg;2
/bridge/00004794.jpg;2
/bridge/00004795.jpg;2
/bridge/00004796.jpg;2
/bridge/00004797.jpg;2
/bridge/00004798.jpg;2
/bridge/00004799.jpg;2
/bridge/00004800.jpg;2
/bridge/00004801.jpg;2
/bridge/00004802.jpg;2
/bridge/00004803.jpg;2
/bridge/00004804.jpg;2
/bridge/00004805.jpg;2
/bridge/00004806.jpg;2
/bridge/00004807.jpg;2
/bridge/00004808.jpg;2
/bridge/00004809.jpg;2
/bridge/00004810.jpg;2
/bridge/00004811.jpg;2
/bridge/00004812.jpg;2
/bridge/00004813.jpg;2
/bridge/00004814.jpg;2
/bridge/00004815.jpg;2
/bridge/00004816.jpg;2
/bridge/00004817.jpg;2
/bridge/00004818.jpg;2
/bridge/00004819.jpg;2
/bridge/00004820.jpg;2
/bridge/00004821.jpg;2
/bridge/00004822.jpg;2
/bridge/00004823.jpg;2
/bridge/00004824.jpg;2
/bridge/00004825.jpg;2
/bridge/00004826.jpg;2
/bridge/00004827.jpg;2
/bridge/00004828.jpg;2
/bridge/00004829.jpg;2
/bridge/00004830.jpg;2
/bridge/00004831.jpg;2
/bridge/00004832.jpg;2
/bridge/00004833.jpg;2
/bridge/00004834.jpg;2
/bridge/00004835.jpg;2
/bridge/00004836.jpg;2
/bridge/00004837.jpg;2
/bridge/00004838.jpg;2
/bridge/00004839.jpg;2
/bridge/00004840.jpg;2
/bridge/00004841.jpg;2
/bridge/00004842.jpg;2
/bridge/00004843.jpg;2
/bridge/00004844.jpg;2
/bridge/00004845.jpg;2
/bridge/00004846.jpg;2
/bridge/00004847.jpg;2
/bridge/00004848.jpg;2
/bridge/00004849.jpg;2
/bridge/00004850.jpg;2
/bridge/00004851.jpg;2
/bridge/00004852.jpg;2
/bridge/00004853.jpg;2
/bridge/00004854.jpg;2
/bridge/00004855.jpg;2
/bridge/00004856.jpg;2
/bridge/00004857.jpg;2
/bridge/00004858.jpg;2
/bridge/00004859.jpg;2
/bridge/00004860.jpg;2
/bridge/00004861.jpg;2
/bridge/00004862.jpg;2
/bridge/00004863.jpg;2
/bridge/00004864.jpg;2
/bridge/00004865.jpg;2
/bridge/00004866.jpg;2
/bridge/00004867.jpg;2
/bridge/00004868.jpg;2
/bridge/00004869.jpg;2
/bridge/00004870.jpg;2
/bridge/00004871.jpg;2
/bridge/00004872.jpg;2
/bridge/00004873.jpg;2
/bridge/00004874.jpg;2
/bridge/00004875.jpg;2
/bridge/00004876.jpg;2
/bridge/00004877.jpg;2
/bridge/00004878.jpg;2
/bridge/00004879.jpg;2
/bridge/00004880.jpg;2
/bridge/00004881.jpg;2
/bridge/00004882.jpg;2
/bridge/00004883.jpg;2
/bridge/00004884.jpg;2
/bridge/00004885.jpg;2
/bridge/00004886.jpg;2
/bridge/00004887.jpg;2
/bridge/00004888.jpg;2
/bridge/00004889.jpg;2
/bridge/00004890.jpg;2
/bridge/00004891.jpg;2
/bridge/00004892.jpg;2
/bridge/00004893.jpg;2
/bridge/00004894.jpg;2
/bridge/00004895.jpg;2
/bridge/00004896.jpg;2
/bridge/00004897.jpg;2
/bridge/00004898.jpg;2
/bridge/00004899.jpg;2
/bridge/00004900.jpg;2
/bridge/00004901.jpg;2
/bridge/00004902.jpg;2
/bridge/00004903.jpg;2
/bridge/00004904.jpg;2
/bridge/00004905.jpg;2
/bridge/00004906.jpg;2
/bridge/00004907.jpg;2
/bridge/00004908.jpg;2
/bridge/00004909.jpg;2
/bridge/00004910.jpg;2
/bridge/00004911.jpg;2
/bridge/00004912.jpg;2
/bridge/00004913.jpg;2
/bridge/00004914.jpg;2
/bridge/00004915.jpg;2
/bridge/00004916.jpg;2
/bridge/00004917.jpg;2
/bridge/00004918.jpg;2
/bridge/00004919.jpg;2
/bridge/00004920.jpg;2
/bridge/00004921.jpg;2
/bridge/00004922.jpg;2
/bridge/00004923.jpg;2
/bridge/00004924.jpg;2
/bridge/00004925.jpg;2
/bridge/00004926.jpg;2
/bridge/00004927.jpg;2
/bridge/00004928.jpg;2
/bridge/00004929.jpg;2
/bridge/00004930.jpg;2
/bridge/00004931.jpg;2
/bridge/00004932.jpg;2
/bridge/00004933.jpg;2
/bridge/00004934.jpg;2
/bridge/00004935.jpg;2
/bridge/00004936.jpg;2
/bridge/00004937.jpg;2
/bridge/00004938.jpg;2
/bridge/00004939.jpg;2
/bridge/00004940.jpg;2
/bridge/00004941.jpg;2
/bridge/00004942.jpg;2
/bridge/00004943.jpg;2
/bridge/00004944.jpg;2
/bridge/00004945.jpg;2
/bridge/00004946.jpg;2
/bridge/00004947.jpg;2
/bridge/00004948.jpg;2
/bridge/00004949.jpg;2
/bridge/00004950.jpg;2
/bridge/00004951.jpg;2
/bridge/00004952.jpg;2
/bridge/00004953.jpg;2
/bridge/00004954.jpg;2
/bridge/00004955.jpg;2
/bridge/00004956.jpg;2
/bridge/00004957.jpg;2
/bridge/00004958.jpg;2
/bridge/00004959.jpg;2
/bridge/00004960.jpg;2
/bridge/00004961.jpg;2
/bridge/00004962.jpg;2
/bridge/00004963.jpg;2
/bridge/00004964.jpg;2
/bridge/00004965.jpg;2
/bridge/00004966.jpg;2
/bridge/00004967.jpg;2
/bridge/00004968.jpg;2
/bridge/00004969.jpg;2
/bridge/00004970.jpg;2
/bridge/00004971.jpg;2
/bridge/00004972.jpg;2
/bridge/00004973.jpg;2
/bridge/00004974.jpg;2
/bridge/00004975.jpg;2
/bridge/00004976.jpg;2
/bridge/00004977.jpg;2
/bridge/00004978.jpg;2
/bridge/00004979.jpg;2
/bridge/00004980.jpg;2
/bridge/00004981.jpg;2
/bridge/00004982.jpg;2
/bridge/00004983.jpg;2
/bridge/00004984.jpg;2
/bridge/00004985.jpg;2
/bridge/00004986.jpg;2
/bridge/00004987.jpg;2
/bridge/00004988.jpg;2
/bridge/00004989.jpg;2
/bridge/00004990.jpg;2
/bridge/00004991.jpg;2
/bridge/00004992.jpg;2
/bridge/00004993.jpg;2
/bridge/00004994.jpg;2
/bridge/00004995.jpg;2
/bridge/00004996.jpg;2
/bridge/00004997.jpg;2
/bridge/00004998.jpg;2
/bridge/00004999.jpg;2
/hockey/00004000.jpg;1
/hockey/00004001.jpg;1
/hockey/00004002.jpg;1
/hockey/00004003.jpg;1
/hockey/00004004.jpg;1
/hockey/00004005.jpg;1
/hockey/00004006.jpg;1
/hockey/00004007.jpg;1
/hockey/00004008.jpg;1
/hockey/00004009.jpg;1
/hockey/00004010.jpg;1
/hockey/00004011.jpg;1
/hockey/00004012.jpg;1
/hockey/00004013.jpg;1
/hockey/00004014.jpg;1
/hockey/00004015.jpg;1
/hockey/00004016.jpg;1
/hockey/00004017.jpg;1
/hockey/00004018.jpg;1
/hockey/00004019.jpg;1
/hockey/00004020.jpg;1
/hockey/00004021.jpg;1
/hockey/00004022.jpg;1
/hockey/00004023.jpg;1
/hockey/00004024.jpg;1
/hockey/00004025.jpg;1
/hockey/00004026.jpg;1
/hockey/00004027.jpg;1
/hockey/00004028.jpg;1
/hockey/00004029.jpg;1
/hockey/00004030.jpg;1
/hockey/00004031.jpg;1
/hockey/00004032.jpg;1
/hockey/00004033.jpg;1
/hockey/00004034.jpg;1
/hockey/00004035.jpg;1
/hockey/00004036.jpg;1
/hockey/00004037.jpg;1
/hockey/00004038.jpg;1
/hockey/00004039.jpg;1
/hockey/00004040.jpg;1
/hockey/00004041.jpg;1
/hockey/00004042.jpg;1
/hockey/00004043.jpg;1
/hockey/00004044.jpg;1
/hockey/00004045.jpg;1
/hockey/00004046.jpg;1
/hockey/00004047.jpg;1
/hockey/00004048.jpg;1
/hockey/00004049.jpg;1
/hockey/00004050.jpg;1
/hockey/00004051.jpg;1
/hockey/00004052.jpg;1
/hockey/00004053.jpg;1
/hockey/00004054.jpg;1
/hockey/00004055.jpg;1
/hockey/00004056.jpg;1
/hockey/00004057.jpg;1
/hockey/00004058.jpg;1
/hockey/00004059.jpg;1
/hockey/00004060.jpg;1
/hockey/00004061.jpg;1
/hockey/00004062.jpg;1
/hockey/00004063.jpg;1
/hockey/00004064.jpg;1
/hockey/00004065.jpg;1
/hockey/00004066.jpg;1
/hockey/00004067.jpg;1
/hockey/00004068.jpg;1
/hockey/00004069.jpg;1
/hockey/00004070.jpg;1
/hockey/00004071.jpg;1
/hockey/00004072.jpg;1
/hockey/00004073.jpg;1
/hockey/00004074.jpg;1
/hockey/00004075.jpg;1
/hockey/00004076.jpg;1
/hockey/00004077.jpg;1
/hockey/00004078.jpg;1
/hockey/00004079.jpg;1
/hockey/00004080.jpg;1
/hockey/00004081.jpg;1
/hockey/00004082.jpg;1
/hockey/00004083.jpg;1
/hockey/00004084.jpg;1
/hockey/00004085.jpg;1
/hockey/00004086.jpg;1
/hockey/00004087.jpg;1
/hockey/00004088.jpg;1
/hockey/00004089.jpg;1
/hockey/00004090.jpg;1
/hockey/00004091.jpg;1
/hockey/00004092.jpg;1
/hockey/00004093.jpg;1
/hockey/00004094.jpg;1
/hockey/00004095.jpg;1
/hockey/00004096.jpg;1
/hockey/00004097.jpg;1
/hockey/00004098.jpg;1
/hockey/00004099.jpg;1
/hockey/00004100.jpg;1
/hockey/00004101.jpg;1
/hockey/00004102.jpg;1
/hockey/00004103.jpg;1
/hockey/00004104.jpg;1
/hockey/00004105.jpg;1
/hockey/00004106.jpg;1
/hockey/00004107.jpg;1
/hockey/00004108.jpg;1
/hockey/00004109.jpg;1
/hockey/00004110.jpg;1
/hockey/00004111.jpg;1
/hockey/00004112.jpg;1
/hockey/00004113.jpg;1
/hockey/00004114.jpg;1
/hockey/00004115.jpg;1
/hockey/00004116.jpg;1
/hockey/00004117.jpg;1
/hockey/00004118.jpg;1
/hockey/00004119.jpg;1
/hockey/00004120.jpg;1
/hockey/00004121.jpg;1
/hockey/00004122.jpg;1
/hockey/00004123.jpg;1
/hockey/00004124.jpg;1
/hockey/00004125.jpg;1
/hockey/00004126.jpg;1
/hockey/00004127.jpg;1
/hockey/00004128.jpg;1
/hockey/00004129.jpg;1
/hockey/00004130.jpg;1
/hockey/00004131.jpg;1
/hockey/00004132.jpg;1
/hockey/00004133.jpg;1
/hockey/00004134.jpg;1
/hockey/00004135.jpg;1
/hockey/00004136.jpg;1
/hockey/00004137.jpg;1
/hockey/00004138.jpg;1
/hockey/00004139.jpg;1
/hockey/00004140.jpg;1
/hockey/00004141.jpg;1
/hockey/00004142.jpg;1
/hockey/00004143.jpg;1
/hockey/00004144.jpg;1
/hockey/00004145.jpg;1
/hockey/00004146.jpg;1
/hockey/00004147.jpg;1
/hockey/00004148.jpg;1
/hockey/00004149.jpg;1
/hockey/00004150.jpg;1
/hockey/00004151.jpg;1
/hockey/00004152.jpg;1
/hockey/00004153.jpg;1
/hockey/00004154.jpg;1
/hockey/00004155.jpg;1
/hockey/00004156.jpg;1
/hockey/00004157.jpg;1
/hockey/00004158.jpg;1
/hockey/00004159.jpg;1
/hockey/00004160.jpg;1
/hockey/00004161.jpg;1
/hockey/00004162.jpg;1
/hockey/00004163.jpg;1
/hockey/00004164.jpg;1
/hockey/00004165.jpg;1
/hockey/00004166.jpg;1
/hockey/00004167.jpg;1
/hockey/00004168.jpg;1
/hockey/00004169.jpg;1
/hockey/00004170.jpg;1
/hockey/00004171.jpg;1
/hockey/00004172.jpg;1
/hockey/00004173.jpg;1
/hockey/00004174.jpg;1
/hockey/00004175.jpg;1
/hockey/00004176.jpg;1
/hockey/00004177.jpg;1
/hockey/00004178.jpg;1
/hockey/00004179.jpg;1
/hockey/00004180.jpg;1
/hockey/00004181.jpg;1
/hockey/00004182.jpg;1
/hockey/00004183.jpg;1
/hockey/00004184.jpg;1
/hockey/00004185.jpg;1
/hockey/00004186.jpg;1
/hockey/00004187.jpg;1
/hockey/00004188.jpg;1
/hockey/00004189.jpg;1
/hockey/00004190.jpg;1
/hockey/00004191.jpg;1
/hockey/00004192.jpg;1
/hockey/00004193.jpg;1
/hockey/00004194.jpg;1
/hockey/00004195.jpg;1
/hockey/00004196.jpg;1
/hockey/00004197.jpg;1
/hockey/00004198.jpg;1
/hockey/00004199.jpg;1
/hockey/00004200.jpg;1
/hockey/00004201.jpg;1
/hockey/00004202.jpg;1
/hockey/00004203.jpg;1
/hockey/00004204.jpg;1
/hockey/00004205.jpg;1
/hockey/00004206.jpg;1
/hockey/00004207.jpg;1
/hockey/00004208.jpg;1
/hockey/00004209.jpg;1
/hockey/00004210.jpg;1
/hockey/00004211.jpg;1
/hockey/00004212.jpg;1
/hockey/00004213.jpg;1
/hockey/00004214.jpg;1
/hockey/00004215.jpg;1
/hockey/00004216.jpg;1
/hockey/00004217.jpg;1
/hockey/00004218.jpg;1
/hockey/00004219.jpg;1
/hockey/00004220.jpg;1
/hockey/00004221.jpg;1
/hockey/00004222.jpg;1
/hockey/00004223.jpg;1
/hockey/00004224.jpg;1
/hockey/00004225.jpg;1
/hockey/00004226.jpg;1
/hockey/00004227.jpg;1
/hockey/00004228.jpg;1
/hockey/00004229.jpg;1
/hockey/00004230.jpg;1
/hockey/00004231.jpg;1
/hockey/00004232.jpg;1
/hockey/00004233.jpg;1
/hockey/00004234.jpg;1
/hockey/00004235.jpg;1
/hockey/00004236.jpg;1
/hockey/00004237.jpg;1
/hockey/00004238.jpg;1
/hockey/00004239.jpg;1
/hockey/00004240.jpg;1
/hockey/00004241.jpg;1
/hockey/00004242.jpg;1
/hockey/00004243.jpg;1
/hockey/00004244.jpg;1
/hockey/00004245.jpg;1
/hockey/00004246.jpg;1
/hockey/00004247.jpg;1
/hockey/00004248.jpg;1
/hockey/00004249.jpg;1
/hockey/00004250.jpg;1
/hockey/00004251.jpg;1
/hockey/00004252.jpg;1
/hockey/00004253.jpg;1
/hockey/00004254.jpg;1
/hockey/00004255.jpg;1
/hockey/00004256.jpg;1
/hockey/00004257.jpg;1
/hockey/00004258.jpg;1
/hockey/00004259.jpg;1
/hockey/00004260.jpg;1
/hockey/00004261.jpg;1
/hockey/00004262.jpg;1
/hockey/00004263.jpg;1
/hockey/00004264.jpg;1
/hockey/00004265.jpg;1
/hockey/00004266.jpg;1
/hockey/00004267.jpg;1
/hockey/00004268.jpg;1
/hockey/00004269.jpg;1
/hockey/00004270.jpg;1
/hockey/00004271.jpg;1
/hockey/00004272.jpg;1
/hockey/00004273.jpg;1
/hockey/00004274.jpg;1
/hockey/00004275.jpg;1
/hockey/00004276.jpg;1
/hockey/00004277.jpg;1
/hockey/00004278.jpg;1
/hockey/00004279.jpg;1
/hockey/00004280.jpg;1
/hockey/00004281.jpg;1
/hockey/00004282.jpg;1
/hockey/00004283.jpg;1
/hockey/00004284.jpg;1
/hockey/00004285.jpg;1
/hockey/00004286.jpg;1
/hockey/00004287.jpg;1
/hockey/00004288.jpg;1
/hockey/00004289.jpg;1
/hockey/00004290.jpg;1
/hockey/00004291.jpg;1
/hockey/00004292.jpg;1
/hockey/00004293.jpg;1
/hockey/00004294.jpg;1
/hockey/00004295.jpg;1
/hockey/00004296.jpg;1
/hockey/00004297.jpg;1
/hockey/00004298.jpg;1
/hockey/00004299.jpg;1
/hockey/00004300.jpg;1
/hockey/00004301.jpg;1
/hockey/00004302.jpg;1
/hockey/00004303.jpg;1
/hockey/00004304.jpg;1
/hockey/00004305.jpg;1
/hockey/00004306.jpg;1
/hockey/00004307.jpg;1
/hockey/00004308.jpg;1
/hockey/00004309.jpg;1
/hockey/00004310.jpg;1
/hockey/00004311.jpg;1
/hockey/00004312.jpg;1
/hockey/00004313.jpg;1
/hockey/00004314.jpg;1
/hockey/00004315.jpg;1
/hockey/00004316.jpg;1
/hockey/00004317.jpg;1
/hockey/00004318.jpg;1
/hockey/00004319.jpg;1
/hockey/00004320.jpg;1
/hockey/00004321.jpg;1
/hockey/00004322.jpg;1
/hockey/00004323.jpg;1
/hockey/00004324.jpg;1
/hockey/00004325.jpg;1
/hockey/00004326.jpg;1
/hockey/00004327.jpg;1
/hockey/00004328.jpg;1
/hockey/00004329.jpg;1
/hockey/00004330.jpg;1
/hockey/00004331.jpg;1
/hockey/00004332.jpg;1
/hockey/00004333.jpg;1
/hockey/00004334.jpg;1
/hockey/00004335.jpg;1
/hockey/00004336.jpg;1
/hockey/00004337.jpg;1
/hockey/00004338.jpg;1
/hockey/00004339.jpg;1
/hockey/00004340.jpg;1
/hockey/00004341.jpg;1
/hockey/00004342.jpg;1
/hockey/00004343.jpg;1
/hockey/00004344.jpg;1
/hockey/00004345.jpg;1
/hockey/00004346.jpg;1
/hockey/00004347.jpg;1
/hockey/00004348.jpg;1
/hockey/00004349.jpg;1
/hockey/00004350.jpg;1
/hockey/00004351.jpg;1
/hockey/00004352.jpg;1
/hockey/00004353.jpg;1
/hockey/00004354.jpg;1
/hockey/00004355.jpg;1
/hockey/00004356.jpg;1
/hockey/00004357.jpg;1
/hockey/00004358.jpg;1
/hockey/00004359.jpg;1
/hockey/00004360.jpg;1
/hockey/00004361.jpg;1
/hockey/00004362.jpg;1
/hockey/00004363.jpg;1
/hockey/00004364.jpg;1
/hockey/00004365.jpg;1
/hockey/00004366.jpg;1
/hockey/00004367.jpg;1
/hockey/00004368.jpg;1
/hockey/00004369.jpg;1
/hockey/00004370.jpg;1
/hockey/00004371.jpg;1
/hockey/00004372.jpg;1
/hockey/00004373.jpg;1
/hockey/00004374.jpg;1
/hockey/00004375.jpg;1
/hockey/00004376.jpg;1
/hockey/00004377.jpg;1
/hockey/00004378.jpg;1
/hockey/00004379.jpg;1
/hockey/00004380.jpg;1
/hockey/00004381.jpg;1
/hockey/00004382.jpg;1
/hockey/00004383.jpg;1
/hockey/00004384.jpg;1
/hockey/00004385.jpg;1
/hockey/00004386.jpg;1
/hockey/00004387.jpg;1
/hockey/00004388.jpg;1
/hockey/00004389.jpg;1
/hockey/00004390.jpg;1
/hockey/00004391.jpg;1
/hockey/00004392.jpg;1
/hockey/00004393.jpg;1
/hockey/00004394.jpg;1
/hockey/00004395.jpg;1
/hockey/00004396.jpg;1
/hockey/00004397.jpg;1
/hockey/00004398.jpg;1
/hockey/00004399.jpg;1
/hockey/00004400.jpg;1
/hockey/00004401.jpg;1
/hockey/00004402.jpg;1
/hockey/00004403.jpg;1
/hockey/00004404.jpg;1
/hockey/00004405.jpg;1
/hockey/00004406.jpg;1
/hockey/00004407.jpg;1
/hockey/00004408.jpg;1
/hockey/00004409.jpg;1
/hockey/00004410.jpg;1
/hockey/00004411.jpg;1
/hockey/00004412.jpg;1
/hockey/00004413.jpg;1
/hockey/00004414.jpg;1
/hockey/00004415.jpg;1
/hockey/00004416.jpg;1
/hockey/00004417.jpg;1
/hockey/00004418.jpg;1
/hockey/00004419.jpg;1
/hockey/00004420.jpg;1
/hockey/00004421.jpg;1
/hockey/00004422.jpg;1
/hockey/00004423.jpg;1
/hockey/00004424.jpg;1
/hockey/00004425.jpg;1
/hockey/00004426.jpg;1
/hockey/00004427.jpg;1
/hockey/00004428.jpg;1
/hockey/00004429.jpg;1
/hockey/00004430.jpg;1
/hockey/00004431.jpg;1
/hockey/00004432.jpg;1
/hockey/00004433.jpg;1
/hockey/00004434.jpg;1
/hockey/00004435.jpg;1
/hockey/00004436.jpg;1
/hockey/00004437.jpg;1
/hockey/00004438.jpg;1
/hockey/00004439.jpg;1
/hockey/00004440.jpg;1
/hockey/00004441.jpg;1
/hockey/00004442.jpg;1
/hockey/00004443.jpg;1
/hockey/00004444.jpg;1
/hockey/00004445.jpg;1
/hockey/00004446.jpg;1
/hockey/00004447.jpg;1
/hockey/00004448.jpg;1
/hockey/00004449.jpg;1
/hockey/00004450.jpg;1
/hockey/00004451.jpg;1
/hockey/00004452.jpg;1
/hockey/00004453.jpg;1
/hockey/00004454.jpg;1
/hockey/00004455.jpg;1
/hockey/00004456.jpg;1
/hockey/00004457.jpg;1
/hockey/00004458.jpg;1
/hockey/00004459.jpg;1
/hockey/00004460.jpg;1
/hockey/00004461.jpg;1
/hockey/00004462.jpg;1
/hockey/00004463.jpg;1
/hockey/00004464.jpg;1
/hockey/00004465.jpg;1
/hockey/00004466.jpg;1
/hockey/00004467.jpg;1
/hockey/00004468.jpg;1
/hockey/00004469.jpg;1
/hockey/00004470.jpg;1
/hockey/00004471.jpg;1
/hockey/00004472.jpg;1
/hockey/00004473.jpg;1
/hockey/00004474.jpg;1
/hockey/00004475.jpg;1
/hockey/00004476.jpg;1
/hockey/00004477.jpg;1
/hockey/00004478.jpg;1
/hockey/00004479.jpg;1
/hockey/00004480.jpg;1
/hockey/00004481.jpg;1
/hockey/00004482.jpg;1
/hockey/00004483.jpg;1
/hockey/00004484.jpg;1
/hockey/00004485.jpg;1
/hockey/00004486.jpg;1
/hockey/00004487.jpg;1
/hockey/00004488.jpg;1
/hockey/00004489.jpg;1
/hockey/00004490.jpg;1
/hockey/00004491.jpg;1
/hockey/00004492.jpg;1
/hockey/00004493.jpg;1
/hockey/00004494.jpg;1
/hockey/00004495.jpg;1
/hockey/00004496.jpg;1
/hockey/00004497.jpg;1
/hockey/00004498.jpg;1
/hockey/00004499.jpg;1
/hockey/00004500.jpg;1
/hockey/00004501.jpg;1
/hockey/00004502.jpg;1
/hockey/00004503.jpg;1
/hockey/00004504.jpg;1
/hockey/00004505.jpg;1
/hockey/00004506.jpg;1
/hockey/00004507.jpg;1
/hockey/00004508.jpg;1
/hockey/00004509.jpg;1
/hockey/00004510.jpg;1
/hockey/00004511.jpg;1
/hockey/00004512.jpg;1
/hockey/00004513.jpg;1
/hockey/00004514.jpg;1
/hockey/00004515.jpg;1
/hockey/00004516.jpg;1
/hockey/00004517.jpg;1
/hockey/00004518.jpg;1
/hockey/00004519.jpg;1
/hockey/00004520.jpg;1
/hockey/00004521.jpg;1
/hockey/00004522.jpg;1
/hockey/00004523.jpg;1
/hockey/00004524.jpg;1
/hockey/00004525.jpg;1
/hockey/00004526.jpg;1
/hockey/00004527.jpg;1
/hockey/00004528.jpg;1
/hockey/00004529.jpg;1
/hockey/00004530.jpg;1
/hockey/00004531.jpg;1
/hockey/00004532.jpg;1
/hockey/00004533.jpg;1
/hockey/00004534.jpg;1
/hockey/00004535.jpg;1
/hockey/00004536.jpg;1
/hockey/00004537.jpg;1
/hockey/00004538.jpg;1
/hockey/00004539.jpg;1
/hockey/00004540.jpg;1
/hockey/00004541.jpg;1
/hockey/00004542.jpg;1
/hockey/00004543.jpg;1
/hockey/00004544.jpg;1
/hockey/00004545.jpg;1
/hockey/00004546.jpg;1
/hockey/00004547.jpg;1
/hockey/00004548.jpg;1
/hockey/00004549.jpg;1
/hockey/00004550.jpg;1
/hockey/00004551.jpg;1
/hockey/00004552.jpg;1
/hockey/00004553.jpg;1
/hockey/00004554.jpg;1
/hockey/00004555.jpg;1
/hockey/00004556.jpg;1
/hockey/00004557.jpg;1
/hockey/00004558.jpg;1
/hockey/00004559.jpg;1
/hockey/00004560.jpg;1
/hockey/00004561.jpg;1
/hockey/00004562.jpg;1
/hockey/00004563.jpg;1
/hockey/00004564.jpg;1
/hockey/00004565.jpg;1
/hockey/00004566.jpg;1
/hockey/00004567.jpg;1
/hockey/00004568.jpg;1
/hockey/00004569.jpg;1
/hockey/00004570.jpg;1
/hockey/00004571.jpg;1
/hockey/00004572.jpg;1
/hockey/00004573.jpg;1
/hockey/00004574.jpg;1
/hockey/00004575.jpg;1
/hockey/00004576.jpg;1
/hockey/00004577.jpg;1
/hockey/00004578.jpg;1
/hockey/00004579.jpg;1
/hockey/00004580.jpg;1
/hockey/00004581.jpg;1
/hockey/00004582.jpg;1
/hockey/00004583.jpg;1
/hockey/00004584.jpg;1
/hockey/00004585.jpg;1
/hockey/00004586.jpg;1
/hockey/00004587.jpg;1
/hockey/00004588.jpg;1
/hockey/00004589.jpg;1
/hockey/00004590.jpg;1
/hockey/00004591.jpg;1
/hockey/00004592.jpg;1
/hockey/00004593.jpg;1
/hockey/00004594.jpg;1
/hockey/00004595.jpg;1
/hockey/00004596.jpg;1
/hockey/00004597.jpg;1
/hockey/00004598.jpg;1
/hockey/00004599.jpg;1
/hockey/00004600.jpg;1
/hockey/00004601.jpg;1
/hockey/00004602.jpg;1
/hockey/00004603.jpg;1
/hockey/00004604.jpg;1
/hockey/00004605.jpg;1
/hockey/00004606.jpg;1
/hockey/00004607.jpg;1
/hockey/00004608.jpg;1
/hockey/00004609.jpg;1
/hockey/00004610.jpg;1
/hockey/00004611.jpg;1
/hockey/00004612.jpg;1
/hockey/00004613.jpg;1
/hockey/00004614.jpg;1
/hockey/00004615.jpg;1
/hockey/00004616.jpg;1
/hockey/00004617.jpg;1
/hockey/00004618.jpg;1
/hockey/00004619.jpg;1
/hockey/00004620.jpg;1
/hockey/00004621.jpg;1
/hockey/00004622.jpg;1
/hockey/00004623.jpg;1
/hockey/00004624.jpg;1
/hockey/00004625.jpg;1
/hockey/00004626.jpg;1
/hockey/00004627.jpg;1
/hockey/00004628.jpg;1
/hockey/00004629.jpg;1
/hockey/00004630.jpg;1
/hockey/00004631.jpg;1
/hockey/00004632.jpg;1
/hockey/00004633.jpg;1
/hockey/00004634.jpg;1
/hockey/00004635.jpg;1
/hockey/00004636.jpg;1
/hockey/00004637.jpg;1
/hockey/00004638.jpg;1
/hockey/00004639.jpg;1
/hockey/00004640.jpg;1
/hockey/00004641.jpg;1
/hockey/00004642.jpg;1
/hockey/00004643.jpg;1
/hockey/00004644.jpg;1
/hockey/00004645.jpg;1
/hockey/00004646.jpg;1
/hockey/00004647.jpg;1
/hockey/00004648.jpg;1
/hockey/00004649.jpg;1
/hockey/00004650.jpg;1
/hockey/00004651.jpg;1
/hockey/00004652.jpg;1
/hockey/00004653.jpg;1
/hockey/00004654.jpg;1
/hockey/00004655.jpg;1
/hockey/00004656.jpg;1
/hockey/00004657.jpg;1
/hockey/00004658.jpg;1
/hockey/00004659.jpg;1
/hockey/00004660.jpg;1
/hockey/00004661.jpg;1
/hockey/00004662.jpg;1
/hockey/00004663.jpg;1
/hockey/00004664.jpg;1
/hockey/00004665.jpg;1
/hockey/00004666.jpg;1
/hockey/00004667.jpg;1
/hockey/00004668.jpg;1
/hockey/00004669.jpg;1
/hockey/00004670.jpg;1
/hockey/00004671.jpg;1
/hockey/00004672.jpg;1
/hockey/00004673.jpg;1
/hockey/00004674.jpg;1
/hockey/00004675.jpg;1
/hockey/00004676.jpg;1
/hockey/00004677.jpg;1
/hockey/00004678.jpg;1
/hockey/00004679.jpg;1
/hockey/00004680.jpg;1
/hockey/00004681.jpg;1
/hockey/00004682.jpg;1
/hockey/00004683.jpg;1
/hockey/00004684.jpg;1
/hockey/00004685.jpg;1
/hockey/00004686.jpg;1
/hockey/00004687.jpg;1
/hockey/00004688.jpg;1
/hockey/00004689.jpg;1
/hockey/00004690.jpg;1
/hockey/00004691.jpg;1
/hockey/00004692.jpg;1
/hockey/00004693.jpg;1
/hockey/00004694.jpg;1
/hockey/00004695.jpg;1
/hockey/00004696.jpg;1
/hockey/00004697.jpg;1
/hockey/00004698.jpg;1
/hockey/00004699.jpg;1
/hockey/00004700.jpg;1
/hockey/00004701.jpg;1
/hockey/00004702.jpg;1
/hockey/00004703.jpg;1
/hockey/00004704.jpg;1
/hockey/00004705.jpg;1
/hockey/00004706.jpg;1
/hockey/00004707.jpg;1
/hockey/00004708.jpg;1
/hockey/00004709.jpg;1
/hockey/00004710.jpg;1
/hockey/00004711.jpg;1
/hockey/00004712.jpg;1
/hockey/00004713.jpg;1
/hockey/00004714.jpg;1
/hockey/00004715.jpg;1
/hockey/00004716.jpg;1
/hockey/00004717.jpg;1
/hockey/00004718.jpg;1
/hockey/00004719.jpg;1
/hockey/00004720.jpg;1
/hockey/00004721.jpg;1
/hockey/00004722.jpg;1
/hockey/00004723.jpg;1
/hockey/00004724.jpg;1
/hockey/00004725.jpg;1
/hockey/00004726.jpg;1
/hockey/00004727.jpg;1
/hockey/00004728.jpg;1
/hockey/00004729.jpg;1
/hockey/00004730.jpg;1
/hockey/00004731.jpg;1
/hockey/00004732.jpg;1
/hockey/00004733.jpg;1
/hockey/00004734.jpg;1
/hockey/00004735.jpg;1
/hockey/00004736.jpg;1
/hockey/00004737.jpg;1
/hockey/00004738.jpg;1
/hockey/00004739.jpg;1
/hockey/00004740.jpg;1
/hockey/00004741.jpg;1
/hockey/00004742.jpg;1
/hockey/00004743.jpg;1
/hockey/00004744.jpg;1
/hockey/00004745.jpg;1
/hockey/00004746.jpg;1
/hockey/00004747.jpg;1
/hockey/00004748.jpg;1
/hockey/00004749.jpg;1
/hockey/00004750.jpg;1
/hockey/00004751.jpg;1
/hockey/00004752.jpg;1
/hockey/00004753.jpg;1
/hockey/00004754.jpg;1
/hockey/00004755.jpg;1
/hockey/00004756.jpg;1
/hockey/00004757.jpg;1
/hockey/00004758.jpg;1
/hockey/00004759.jpg;1
/hockey/00004760.jpg;1
/hockey/00004761.jpg;1
/hockey/00004762.jpg;1
/hockey/00004763.jpg;1
/hockey/00004764.jpg;1
/hockey/00004765.jpg;1
/hockey/00004766.jpg;1
/hockey/00004767.jpg;1
/hockey/00004768.jpg;1
/hockey/00004769.jpg;1
/hockey/00004770.jpg;1
/hockey/00004771.jpg;1
/hockey/00004772.jpg;1
/hockey/00004773.jpg;1
/hockey/00004774.jpg;1
/hockey/00004775.jpg;1
/hockey/00004776.jpg;1
/hockey/00004777.jpg;1
/hockey/00004778.jpg;1
/hockey/00004779.jpg;1
/hockey/00004780.jpg;1
/hockey/00004781.jpg;1
/hockey/00004782.jpg;1
/hockey/00004783.jpg;1
/hockey/00004784.jpg;1
/hockey/00004785.jpg;1
/hockey/00004786.jpg;1
/hockey/00004787.jpg;1
/hockey/00004788.jpg;1
/hockey/00004789.jpg;1
/hockey/00004790.jpg;1
/hockey/00004791.jpg;1
/hockey/00004792.jpg;1
/hockey/00004793.jpg;1
/hockey/00004794.jpg;1
/hockey/00004795.jpg;1
/hockey/00004796.jpg;1
/hockey/00004797.jpg;1
/hockey/00004798.jpg;1
/hockey/00004799.jpg;1
/hockey/00004800.jpg;1
/hockey/00004801.jpg;1
/hockey/00004802.jpg;1
/hockey/00004803.jpg;1
/hockey/00004804.jpg;1
/hockey/00004805.jpg;1
/hockey/00004806.jpg;1
/hockey/00004807.jpg;1
/hockey/00004808.jpg;1
/hockey/00004809.jpg;1
/hockey/00004810.jpg;1
/hockey/00004811.jpg;1
/hockey/00004812.jpg;1
/hockey/00004813.jpg;1
/hockey/00004814.jpg;1
/hockey/00004815.jpg;1
/hockey/00004816.jpg;1
/hockey/00004817.jpg;1
/hockey/00004818.jpg;1
/hockey/00004819.jpg;1
/hockey/00004820.jpg;1
/hockey/00004821.jpg;1
/hockey/00004822.jpg;1
/hockey/00004823.jpg;1
/hockey/00004824.jpg;1
/hockey/00004825.jpg;1
/hockey/00004826.jpg;1
/hockey/00004827.jpg;1
/hockey/00004828.jpg;1
/hockey/00004829.jpg;1
/hockey/00004830.jpg;1
/hockey/00004831.jpg;1
/hockey/00004832.jpg;1
/hockey/00004833.jpg;1
/hockey/00004834.jpg;1
/hockey/00004835.jpg;1
/hockey/00004836.jpg;1
/hockey/00004837.jpg;1
/hockey/00004838.jpg;1
/hockey/00004839.jpg;1
/hockey/00004840.jpg;1
/hockey/00004841.jpg;1
/hockey/00004842.jpg;1
/hockey/00004843.jpg;1
/hockey/00004844.jpg;1
/hockey/00004845.jpg;1
/hockey/00004846.jpg;1
/hockey/00004847.jpg;1
/hockey/00004848.jpg;1
/hockey/00004849.jpg;1
/hockey/00004850.jpg;1
/hockey/00004851.jpg;1
/hockey/00004852.jpg;1
/hockey/00004853.jpg;1
/hockey/00004854.jpg;1
/hockey/00004855.jpg;1
/hockey/00004856.jpg;1
/hockey/00004857.jpg;1
/hockey/00004858.jpg;1
/hockey/00004859.jpg;1
/hockey/00004860.jpg;1
/hockey/00004861.jpg;1
/hockey/00004862.jpg;1
/hockey/00004863.jpg;1
/hockey/00004864.jpg;1
/hockey/00004865.jpg;1
/hockey/00004866.jpg;1
/hockey/00004867.jpg;1
/hockey/00004868.jpg;1
/hockey/00004869.jpg;1
/hockey/00004870.jpg;1
/hockey/00004871.jpg;1
/hockey/00004872.jpg;1
/hockey/00004873.jpg;1
/hockey/00004874.jpg;1
/hockey/00004875.jpg;1
/hockey/00004876.jpg;1
/hockey/00004877.jpg;1
/hockey/00004878.jpg;1
/hockey/00004879.jpg;1
/hockey/00004880.jpg;1
/hockey/00004881.jpg;1
/hockey/00004882.jpg;1
/hockey/00004883.jpg;1
/hockey/00004884.jpg;1
/hockey/00004885.jpg;1
/hockey/00004886.jpg;1
/hockey/00004887.jpg;1
/hockey/00004888.jpg;1
/hockey/00004889.jpg;1
/hockey/00004890.jpg;1
/hockey/00004891.jpg;1
/hockey/00004892.jpg;1
/hockey/00004893.jpg;1
/hockey/00004894.jpg;1
/hockey/00004895.jpg;1
/hockey/00004896.jpg;1
/hockey/00004897.jpg;1
/hockey/00004898.jpg;1
/hockey/00004899.jpg;1
/hockey/00004900.jpg;1
/hockey/00004901.jpg;1
/hockey/00004902.jpg;1
/hockey/00004903.jpg;1
/hockey/00004904.jpg;1
/hockey/00004905.jpg;1
/hockey/00004906.jpg;1
/hockey/00004907.jpg;1
/hockey/00004908.jpg;1
/hockey/00004909.jpg;1
/hockey/00004910.jpg;1
/hockey/00004911.jpg;1
/hockey/00004912.jpg;1
/hockey/00004913.jpg;1
/hockey/00004914.jpg;1
/hockey/00004915.jpg;1
/hockey/00004916.jpg;1
/hockey/00004917.jpg;1
/hockey/00004918.jpg;1
/hockey/00004919.jpg;1
/hockey/00004920.jpg;1
/hockey/00004921.jpg;1
/hockey/00004922.jpg;1
/hockey/00004923.jpg;1
/hockey/00004924.jpg;1
/hockey/00004925.jpg;1
/hockey/00004926.jpg;1
/hockey/00004927.jpg;1
/hockey/00004928.jpg;1
/hockey/00004929.jpg;1
/hockey/00004930.jpg;1
/hockey/00004931.jpg;1
/hockey/00004932.jpg;1
/hockey/00004933.jpg;1
/hockey/00004934.jpg;1
/hockey/00004935.jpg;1
/hockey/00004936.jpg;1
/hockey/00004937.jpg;1
/hockey/00004938.jpg;1
/hockey/00004939.jpg;1
/hockey/00004940.jpg;1
/hockey/00004941.jpg;1
/hockey/00004942.jpg;1
/hockey/00004943.jpg;1
/hockey/00004944.jpg;1
/hockey/00004945.jpg;1
/hockey/00004946.jpg;1
/hockey/00004947.jpg;1
/hockey/00004948.jpg;1
/hockey/00004949.jpg;1
/hockey/00004950.jpg;1
/hockey/00004951.jpg;1
/hockey/00004952.jpg;1
/hockey/00004953.jpg;1
/hockey/00004954.jpg;1
/hockey/00004955.jpg;1
/hockey/00004956.jpg;1
/hockey/00004957.jpg;1
/hockey/00004958.jpg;1
/hockey/00004959.jpg;1
/hockey/00004960.jpg;1
/hockey/00004961.jpg;1
/hockey/00004962.jpg;1
/hockey/00004963.jpg;1
/hockey/00004964.jpg;1
/hockey/00004965.jpg;1
/hockey/00004966.jpg;1
/hockey/00004967.jpg;1
/hockey/00004968.jpg;1
/hockey/00004969.jpg;1
/hockey/00004970.jpg;1
/hockey/00004971.jpg;1
/hockey/00004972.jpg;1
/hockey/00004973.jpg;1
/hockey/00004974.jpg;1
/hockey/00004975.jpg;1
/hockey/00004976.jpg;1
/hockey/00004977.jpg;1
/hockey/00004978.jpg;1
/hockey/00004979.jpg;1
/hockey/00004980.jpg;1
/hockey/00004981.jpg;1
/hockey/00004982.jpg;1
/hockey/00004983.jpg;1
/hockey/00004984.jpg;1
/hockey/00004985.jpg;1
/hockey/00004986.jpg;1
/hockey/00004987.jpg;1
/hockey/00004988.jpg;1
/hockey/00004989.jpg;1
/hockey/00004990.jpg;1
/hockey/00004991.jpg;1
/hockey/00004992.jpg;1
/hockey/00004993.jpg;1
/hockey/00004994.jpg;1
/hockey/00004995.jpg;1
/hockey/00004996.jpg;1
/hockey/00004997.jpg;1
/hockey/00004998.jpg;1
/hockey/00004999.jpg;1
/airfield/00004001.jpg;0
/airfield/00004002.jpg;0
/airfield/00004003.jpg;0
/airfield/00004004.jpg;0
/airfield/00004005.jpg;0
/airfield/00004006.jpg;0
/airfield/00004007.jpg;0
/airfield/00004008.jpg;0
/airfield/00004009.jpg;0
/airfield/00004010.jpg;0
/airfield/00004011.jpg;0
/airfield/00004012.jpg;0
/airfield/00004013.jpg;0
/airfield/00004014.jpg;0
/airfield/00004015.jpg;0
/airfield/00004016.jpg;0
/airfield/00004017.jpg;0
/airfield/00004018.jpg;0
/airfield/00004019.jpg;0
/airfield/00004020.jpg;0
/airfield/00004021.jpg;0
/airfield/00004022.jpg;0
/airfield/00004023.jpg;0
/airfield/00004024.jpg;0
/airfield/00004025.jpg;0
/airfield/00004026.jpg;0
/airfield/00004027.jpg;0
/airfield/00004028.jpg;0
/airfield/00004029.jpg;0
/airfield/00004030.jpg;0
/airfield/00004031.jpg;0
/airfield/00004032.jpg;0
/airfield/00004033.jpg;0
/airfield/00004034.jpg;0
/airfield/00004035.jpg;0
/airfield/00004036.jpg;0
/airfield/00004037.jpg;0
/airfield/00004038.jpg;0
/airfield/00004039.jpg;0
/airfield/00004040.jpg;0
/airfield/00004041.jpg;0
/airfield/00004042.jpg;0
/airfield/00004043.jpg;0
/airfield/00004044.jpg;0
/airfield/00004045.jpg;0
/airfield/00004046.jpg;0
/airfield/00004047.jpg;0
/airfield/00004048.jpg;0
/airfield/00004049.jpg;0
/airfield/00004050.jpg;0
/airfield/00004051.jpg;0
/airfield/00004052.jpg;0
/airfield/00004053.jpg;0
/airfield/00004054.jpg;0
/airfield/00004055.jpg;0
/airfield/00004056.jpg;0
/airfield/00004057.jpg;0
/airfield/00004058.jpg;0
/airfield/00004059.jpg;0
/airfield/00004060.jpg;0
/airfield/00004061.jpg;0
/airfield/00004062.jpg;0
/airfield/00004063.jpg;0
/airfield/00004064.jpg;0
/airfield/00004065.jpg;0
/airfield/00004066.jpg;0
/airfield/00004067.jpg;0
/airfield/00004068.jpg;0
/airfield/00004069.jpg;0
/airfield/00004070.jpg;0
/airfield/00004071.jpg;0
/airfield/00004072.jpg;0
/airfield/00004073.jpg;0
/airfield/00004074.jpg;0
/airfield/00004075.jpg;0
/airfield/00004076.jpg;0
/airfield/00004077.jpg;0
/airfield/00004078.jpg;0
/airfield/00004079.jpg;0
/airfield/00004080.jpg;0
/airfield/00004081.jpg;0
/airfield/00004082.jpg;0
/airfield/00004083.jpg;0
/airfield/00004084.jpg;0
/airfield/00004085.jpg;0
/airfield/00004086.jpg;0
/airfield/00004087.jpg;0
/airfield/00004088.jpg;0
/airfield/00004089.jpg;0
/airfield/00004090.jpg;0
/airfield/00004091.jpg;0
/airfield/00004092.jpg;0
/airfield/00004093.jpg;0
/airfield/00004094.jpg;0
/airfield/00004095.jpg;0
/airfield/00004096.jpg;0
/airfield/00004097.jpg;0
/airfield/00004098.jpg;0
/airfield/00004099.jpg;0
/airfield/00004100.jpg;0
/airfield/00004101.jpg;0
/airfield/00004102.jpg;0
/airfield/00004103.jpg;0
/airfield/00004104.jpg;0
/airfield/00004105.jpg;0
/airfield/00004106.jpg;0
/airfield/00004107.jpg;0
/airfield/00004108.jpg;0
/airfield/00004109.jpg;0
/airfield/00004110.jpg;0
/airfield/00004111.jpg;0
/airfield/00004112.jpg;0
/airfield/00004113.jpg;0
/airfield/00004114.jpg;0
/airfield/00004115.jpg;0
/airfield/00004116.jpg;0
/airfield/00004117.jpg;0
/airfield/00004118.jpg;0
/airfield/00004119.jpg;0
/airfield/00004120.jpg;0
/airfield/00004121.jpg;0
/airfield/00004122.jpg;0
/airfield/00004123.jpg;0
/airfield/00004124.jpg;0
/airfield/00004125.jpg;0
/airfield/00004126.jpg;0
/airfield/00004127.jpg;0
/airfield/00004128.jpg;0
/airfield/00004129.jpg;0
/airfield/00004130.jpg;0
/airfield/00004131.jpg;0
/airfield/00004132.jpg;0
/airfield/00004133.jpg;0
/airfield/00004134.jpg;0
/airfield/00004135.jpg;0
/airfield/00004136.jpg;0
/airfield/00004137.jpg;0
/airfield/00004138.jpg;0
/airfield/00004139.jpg;0
/airfield/00004140.jpg;0
/airfield/00004141.jpg;0
/airfield/00004142.jpg;0
/airfield/00004143.jpg;0
/airfield/00004144.jpg;0
/airfield/00004145.jpg;0
/airfield/00004146.jpg;0
/airfield/00004147.jpg;0
/airfield/00004148.jpg;0
/airfield/00004149.jpg;0
/airfield/00004150.jpg;0
/airfield/00004151.jpg;0
/airfield/00004152.jpg;0
/airfield/00004153.jpg;0
/airfield/00004154.jpg;0
/airfield/00004155.jpg;0
/airfield/00004156.jpg;0
/airfield/00004157.jpg;0
/airfield/00004158.jpg;0
/airfield/00004159.jpg;0
/airfield/00004160.jpg;0
/airfield/00004161.jpg;0
/airfield/00004162.jpg;0
/airfield/00004163.jpg;0
/airfield/00004164.jpg;0
/airfield/00004165.jpg;0
/airfield/00004166.jpg;0
/airfield/00004167.jpg;0
/airfield/00004168.jpg;0
/airfield/00004169.jpg;0
/airfield/00004170.jpg;0
/airfield/00004171.jpg;0
/airfield/00004172.jpg;0
/airfield/00004173.jpg;0
/airfield/00004174.jpg;0
/airfield/00004175.jpg;0
/airfield/00004176.jpg;0
/airfield/00004177.jpg;0
/airfield/00004178.jpg;0
/airfield/00004179.jpg;0
/airfield/00004180.jpg;0
/airfield/00004181.jpg;0
/airfield/00004182.jpg;0
/airfield/00004183.jpg;0
/airfield/00004184.jpg;0
/airfield/00004185.jpg;0
/airfield/00004186.jpg;0
/airfield/00004187.jpg;0
/airfield/00004188.jpg;0
/airfield/00004189.jpg;0
/airfield/00004190.jpg;0
/airfield/00004191.jpg;0
/airfield/00004192.jpg;0
/airfield/00004193.jpg;0
/airfield/00004194.jpg;0
/airfield/00004195.jpg;0
/airfield/00004196.jpg;0
/airfield/00004197.jpg;0
/airfield/00004198.jpg;0
/airfield/00004199.jpg;0
/airfield/00004200.jpg;0
/airfield/00004201.jpg;0
/airfield/00004202.jpg;0
/airfield/00004203.jpg;0
/airfield/00004204.jpg;0
/airfield/00004205.jpg;0
/airfield/00004206.jpg;0
/airfield/00004207.jpg;0
/airfield/00004208.jpg;0
/airfield/00004209.jpg;0
/airfield/00004210.jpg;0
/airfield/00004211.jpg;0
/airfield/00004212.jpg;0
/airfield/00004213.jpg;0
/airfield/00004214.jpg;0
/airfield/00004215.jpg;0
/airfield/00004216.jpg;0
/airfield/00004217.jpg;0
/airfield/00004218.jpg;0
/airfield/00004219.jpg;0
/airfield/00004220.jpg;0
/airfield/00004221.jpg;0
/airfield/00004222.jpg;0
/airfield/00004223.jpg;0
/airfield/00004224.jpg;0
/airfield/00004225.jpg;0
/airfield/00004226.jpg;0
/airfield/00004227.jpg;0
/airfield/00004228.jpg;0
/airfield/00004229.jpg;0
/airfield/00004230.jpg;0
/airfield/00004231.jpg;0
/airfield/00004232.jpg;0
/airfield/00004233.jpg;0
/airfield/00004234.jpg;0
/airfield/00004235.jpg;0
/airfield/00004236.jpg;0
/airfield/00004237.jpg;0
/airfield/00004238.jpg;0
/airfield/00004239.jpg;0
/airfield/00004240.jpg;0
/airfield/00004241.jpg;0
/airfield/00004242.jpg;0
/airfield/00004243.jpg;0
/airfield/00004244.jpg;0
/airfield/00004245.jpg;0
/airfield/00004246.jpg;0
/airfield/00004247.jpg;0
/airfield/00004248.jpg;0
/airfield/00004249.jpg;0
/airfield/00004250.jpg;0
/airfield/00004251.jpg;0
/airfield/00004252.jpg;0
/airfield/00004253.jpg;0
/airfield/00004254.jpg;0
/airfield/00004255.jpg;0
/airfield/00004256.jpg;0
/airfield/00004257.jpg;0
/airfield/00004258.jpg;0
/airfield/00004259.jpg;0
/airfield/00004260.jpg;0
/airfield/00004261.jpg;0
/airfield/00004262.jpg;0
/airfield/00004263.jpg;0
/airfield/00004264.jpg;0
/airfield/00004265.jpg;0
/airfield/00004266.jpg;0
/airfield/00004267.jpg;0
/airfield/00004268.jpg;0
/airfield/00004269.jpg;0
/airfield/00004270.jpg;0
/airfield/00004271.jpg;0
/airfield/00004272.jpg;0
/airfield/00004273.jpg;0
/airfield/00004274.jpg;0
/airfield/00004275.jpg;0
/airfield/00004276.jpg;0
/airfield/00004277.jpg;0
/airfield/00004278.jpg;0
/airfield/00004279.jpg;0
/airfield/00004280.jpg;0
/airfield/00004281.jpg;0
/airfield/00004282.jpg;0
/airfield/00004283.jpg;0
/airfield/00004284.jpg;0
/airfield/00004285.jpg;0
/airfield/00004286.jpg;0
/airfield/00004287.jpg;0
/airfield/00004288.jpg;0
/airfield/00004289.jpg;0
/airfield/00004290.jpg;0
/airfield/00004291.jpg;0
/airfield/00004292.jpg;0
/airfield/00004293.jpg;0
/airfield/00004294.jpg;0
/airfield/00004295.jpg;0
/airfield/00004296.jpg;0
/airfield/00004297.jpg;0
/airfield/00004298.jpg;0
/airfield/00004299.jpg;0
/airfield/00004300.jpg;0
/airfield/00004301.jpg;0
/airfield/00004302.jpg;0
/airfield/00004303.jpg;0
/airfield/00004304.jpg;0
/airfield/00004305.jpg;0
/airfield/00004306.jpg;0
/airfield/00004307.jpg;0
/airfield/00004308.jpg;0
/airfield/00004309.jpg;0
/airfield/00004310.jpg;0
/airfield/00004311.jpg;0
/airfield/00004312.jpg;0
/airfield/00004313.jpg;0
/airfield/00004314.jpg;0
/airfield/00004315.jpg;0
/airfield/00004316.jpg;0
/airfield/00004317.jpg;0
/airfield/00004318.jpg;0
/airfield/00004319.jpg;0
/airfield/00004320.jpg;0
/airfield/00004321.jpg;0
/airfield/00004322.jpg;0
/airfield/00004323.jpg;0
/airfield/00004324.jpg;0
/airfield/00004325.jpg;0
/airfield/00004326.jpg;0
/airfield/00004327.jpg;0
/airfield/00004328.jpg;0
/airfield/00004329.jpg;0
/airfield/00004330.jpg;0
/airfield/00004331.jpg;0
/airfield/00004332.jpg;0
/airfield/00004333.jpg;0
/airfield/00004334.jpg;0
/airfield/00004335.jpg;0
/airfield/00004336.jpg;0
/airfield/00004337.jpg;0
/airfield/00004338.jpg;0
/airfield/00004339.jpg;0
/airfield/00004340.jpg;0
/airfield/00004341.jpg;0
/airfield/00004342.jpg;0
/airfield/00004343.jpg;0
/airfield/00004344.jpg;0
/airfield/00004345.jpg;0
/airfield/00004346.jpg;0
/airfield/00004347.jpg;0
/airfield/00004348.jpg;0
/airfield/00004349.jpg;0
/airfield/00004350.jpg;0
/airfield/00004351.jpg;0
/airfield/00004352.jpg;0
/airfield/00004353.jpg;0
/airfield/00004354.jpg;0
/airfield/00004355.jpg;0
/airfield/00004356.jpg;0
/airfield/00004357.jpg;0
/airfield/00004358.jpg;0
/airfield/00004359.jpg;0
/airfield/00004360.jpg;0
/airfield/00004361.jpg;0
/airfield/00004362.jpg;0
/airfield/00004363.jpg;0
/airfield/00004364.jpg;0
/airfield/00004365.jpg;0
/airfield/00004366.jpg;0
/airfield/00004367.jpg;0
/airfield/00004368.jpg;0
/airfield/00004369.jpg;0
/airfield/00004370.jpg;0
/airfield/00004371.jpg;0
/airfield/00004372.jpg;0
/airfield/00004373.jpg;0
/airfield/00004374.jpg;0
/airfield/00004375.jpg;0
/airfield/00004376.jpg;0
/airfield/00004377.jpg;0
/airfield/00004378.jpg;0
/airfield/00004379.jpg;0
/airfield/00004380.jpg;0
/airfield/00004381.jpg;0
/airfield/00004382.jpg;0
/airfield/00004383.jpg;0
/airfield/00004384.jpg;0
/airfield/00004385.jpg;0
/airfield/00004386.jpg;0
/airfield/00004387.jpg;0
/airfield/00004388.jpg;0
/airfield/00004389.jpg;0
/airfield/00004390.jpg;0
/airfield/00004391.jpg;0
/airfield/00004392.jpg;0
/airfield/00004393.jpg;0
/airfield/00004394.jpg;0
/airfield/00004395.jpg;0
/airfield/00004396.jpg;0
/airfield/00004397.jpg;0
/airfield/00004398.jpg;0
/airfield/00004399.jpg;0
/airfield/00004400.jpg;0
/airfield/00004401.jpg;0
/airfield/00004402.jpg;0
/airfield/00004403.jpg;0
/airfield/00004404.jpg;0
/airfield/00004405.jpg;0
/airfield/00004406.jpg;0
/airfield/00004407.jpg;0
/airfield/00004408.jpg;0
/airfield/00004409.jpg;0
/airfield/00004410.jpg;0
/airfield/00004411.jpg;0
/airfield/00004412.jpg;0
/airfield/00004413.jpg;0
/airfield/00004414.jpg;0
/airfield/00004415.jpg;0
/airfield/00004416.jpg;0
/airfield/00004417.jpg;0
/airfield/00004418.jpg;0
/airfield/00004419.jpg;0
/airfield/00004420.jpg;0
/airfield/00004421.jpg;0
/airfield/00004422.jpg;0
/airfield/00004423.jpg;0
/airfield/00004424.jpg;0
/airfield/00004425.jpg;0
/airfield/00004426.jpg;0
/airfield/00004427.jpg;0
/airfield/00004428.jpg;0
/airfield/00004429.jpg;0
/airfield/00004430.jpg;0
/airfield/00004431.jpg;0
/airfield/00004432.jpg;0
/airfield/00004433.jpg;0
/airfield/00004434.jpg;0
/airfield/00004435.jpg;0
/airfield/00004436.jpg;0
/airfield/00004437.jpg;0
/airfield/00004438.jpg;0
/airfield/00004439.jpg;0
/airfield/00004440.jpg;0
/airfield/00004441.jpg;0
/airfield/00004442.jpg;0
/airfield/00004443.jpg;0
/airfield/00004444.jpg;0
/airfield/00004445.jpg;0
/airfield/00004446.jpg;0
/airfield/00004447.jpg;0
/airfield/00004448.jpg;0
/airfield/00004449.jpg;0
/airfield/00004450.jpg;0
/airfield/00004451.jpg;0
/airfield/00004452.jpg;0
/airfield/00004453.jpg;0
/airfield/00004454.jpg;0
/airfield/00004455.jpg;0
/airfield/00004456.jpg;0
/airfield/00004457.jpg;0
/airfield/00004458.jpg;0
/airfield/00004459.jpg;0
/airfield/00004460.jpg;0
/airfield/00004461.jpg;0
/airfield/00004462.jpg;0
/airfield/00004463.jpg;0
/airfield/00004464.jpg;0
/airfield/00004465.jpg;0
/airfield/00004466.jpg;0
/airfield/00004467.jpg;0
/airfield/00004468.jpg;0
/airfield/00004469.jpg;0
/airfield/00004470.jpg;0
/airfield/00004471.jpg;0
/airfield/00004472.jpg;0
/airfield/00004473.jpg;0
/airfield/00004474.jpg;0
/airfield/00004475.jpg;0
/airfield/00004476.jpg;0
/airfield/00004477.jpg;0
/airfield/00004478.jpg;0
/airfield/00004479.jpg;0
/airfield/00004480.jpg;0
/airfield/00004481.jpg;0
/airfield/00004482.jpg;0
/airfield/00004483.jpg;0
/airfield/00004484.jpg;0
/airfield/00004485.jpg;0
/airfield/00004486.jpg;0
/airfield/00004487.jpg;0
/airfield/00004488.jpg;0
/airfield/00004489.jpg;0
/airfield/00004490.jpg;0
/airfield/00004491.jpg;0
/airfield/00004492.jpg;0
/airfield/00004493.jpg;0
/airfield/00004494.jpg;0
/airfield/00004495.jpg;0
/airfield/00004496.jpg;0
/airfield/00004497.jpg;0
/airfield/00004498.jpg;0
/airfield/00004499.jpg;0
/airfield/00004500.jpg;0
/airfield/00004501.jpg;0
/airfield/00004502.jpg;0
/airfield/00004503.jpg;0
/airfield/00004504.jpg;0
/airfield/00004505.jpg;0
/airfield/00004506.jpg;0
/airfield/00004507.jpg;0
/airfield/00004508.jpg;0
/airfield/00004509.jpg;0
/airfield/00004510.jpg;0
/airfield/00004511.jpg;0
/airfield/00004512.jpg;0
/airfield/00004513.jpg;0
/airfield/00004514.jpg;0
/airfield/00004515.jpg;0
/airfield/00004516.jpg;0
/airfield/00004517.jpg;0
/airfield/00004518.jpg;0
/airfield/00004519.jpg;0
/airfield/00004520.jpg;0
/airfield/00004521.jpg;0
/airfield/00004522.jpg;0
/airfield/00004523.jpg;0
/airfield/00004524.jpg;0
/airfield/00004525.jpg;0
/airfield/00004526.jpg;0
/airfield/00004527.jpg;0
/airfield/00004528.jpg;0
/airfield/00004529.jpg;0
/airfield/00004530.jpg;0
/airfield/00004531.jpg;0
/airfield/00004532.jpg;0
/airfield/00004533.jpg;0
/airfield/00004534.jpg;0
/airfield/00004535.jpg;0
/airfield/00004536.jpg;0
/airfield/00004537.jpg;0
/airfield/00004538.jpg;0
/airfield/00004539.jpg;0
/airfield/00004540.jpg;0
/airfield/00004541.jpg;0
/airfield/00004542.jpg;0
/airfield/00004543.jpg;0
/airfield/00004544.jpg;0
/airfield/00004545.jpg;0
/airfield/00004546.jpg;0
/airfield/00004547.jpg;0
/airfield/00004548.jpg;0
/airfield/00004549.jpg;0
/airfield/00004550.jpg;0
/airfield/00004551.jpg;0
/airfield/00004552.jpg;0
/airfield/00004553.jpg;0
/airfield/00004554.jpg;0
/airfield/00004555.jpg;0
/airfield/00004556.jpg;0
/airfield/00004557.jpg;0
/airfield/00004558.jpg;0
/airfield/00004559.jpg;0
/airfield/00004560.jpg;0
/airfield/00004561.jpg;0
/airfield/00004562.jpg;0
/airfield/00004563.jpg;0
/airfield/00004564.jpg;0
/airfield/00004565.jpg;0
/airfield/00004566.jpg;0
/airfield/00004567.jpg;0
/airfield/00004568.jpg;0
/airfield/00004569.jpg;0
/airfield/00004570.jpg;0
/airfield/00004571.jpg;0
/airfield/00004572.jpg;0
/airfield/00004573.jpg;0
/airfield/00004574.jpg;0
/airfield/00004575.jpg;0
/airfield/00004576.jpg;0
/airfield/00004577.jpg;0
/airfield/00004578.jpg;0
/airfield/00004579.jpg;0
/airfield/00004580.jpg;0
/airfield/00004581.jpg;0
/airfield/00004582.jpg;0
/airfield/00004583.jpg;0
/airfield/00004584.jpg;0
/airfield/00004585.jpg;0
/airfield/00004586.jpg;0
/airfield/00004587.jpg;0
/airfield/00004588.jpg;0
/airfield/00004589.jpg;0
/airfield/00004590.jpg;0
/airfield/00004591.jpg;0
/airfield/00004592.jpg;0
/airfield/00004593.jpg;0
/airfield/00004594.jpg;0
/airfield/00004595.jpg;0
/airfield/00004596.jpg;0
/airfield/00004597.jpg;0
/airfield/00004598.jpg;0
/airfield/00004599.jpg;0
/airfield/00004600.jpg;0
/airfield/00004601.jpg;0
/airfield/00004602.jpg;0
/airfield/00004603.jpg;0
/airfield/00004604.jpg;0
/airfield/00004605.jpg;0
/airfield/00004606.jpg;0
/airfield/00004607.jpg;0
/airfield/00004608.jpg;0
/airfield/00004609.jpg;0
/airfield/00004610.jpg;0
/airfield/00004611.jpg;0
/airfield/00004612.jpg;0
/airfield/00004613.jpg;0
/airfield/00004614.jpg;0
/airfield/00004615.jpg;0
/airfield/00004616.jpg;0
/airfield/00004617.jpg;0
/airfield/00004618.jpg;0
/airfield/00004619.jpg;0
/airfield/00004620.jpg;0
/airfield/00004621.jpg;0
/airfield/00004622.jpg;0
/airfield/00004623.jpg;0
/airfield/00004624.jpg;0
/airfield/00004625.jpg;0
/airfield/00004626.jpg;0
/airfield/00004627.jpg;0
/airfield/00004628.jpg;0
/airfield/00004629.jpg;0
/airfield/00004630.jpg;0
/airfield/00004631.jpg;0
/airfield/00004632.jpg;0
/airfield/00004633.jpg;0
/airfield/00004634.jpg;0
/airfield/00004635.jpg;0
/airfield/00004636.jpg;0
/airfield/00004637.jpg;0
/airfield/00004638.jpg;0
/airfield/00004639.jpg;0
/airfield/00004640.jpg;0
/airfield/00004641.jpg;0
/airfield/00004642.jpg;0
/airfield/00004643.jpg;0
/airfield/00004644.jpg;0
/airfield/00004645.jpg;0
/airfield/00004646.jpg;0
/airfield/00004647.jpg;0
/airfield/00004648.jpg;0
/airfield/00004649.jpg;0
/airfield/00004650.jpg;0
/airfield/00004651.jpg;0
/airfield/00004652.jpg;0
/airfield/00004653.jpg;0
/airfield/00004654.jpg;0
/airfield/00004655.jpg;0
/airfield/00004656.jpg;0
/airfield/00004657.jpg;0
/airfield/00004658.jpg;0
/airfield/00004659.jpg;0
/airfield/00004660.jpg;0
/airfield/00004661.jpg;0
/airfield/00004662.jpg;0
/airfield/00004663.jpg;0
/airfield/00004664.jpg;0
/airfield/00004665.jpg;0
/airfield/00004666.jpg;0
/airfield/00004667.jpg;0
/airfield/00004668.jpg;0
/airfield/00004669.jpg;0
/airfield/00004670.jpg;0
/airfield/00004671.jpg;0
/airfield/00004672.jpg;0
/airfield/00004673.jpg;0
/airfield/00004674.jpg;0
/airfield/00004675.jpg;0
/airfield/00004676.jpg;0
/airfield/00004677.jpg;0
/airfield/00004678.jpg;0
/airfield/00004679.jpg;0
/airfield/00004680.jpg;0
/airfield/00004681.jpg;0
/airfield/00004682.jpg;0
/airfield/00004683.jpg;0
/airfield/00004684.jpg;0
/airfield/00004685.jpg;0
/airfield/00004686.jpg;0
/airfield/00004687.jpg;0
/airfield/00004688.jpg;0
/airfield/00004689.jpg;0
/airfield/00004690.jpg;0
/airfield/00004691.jpg;0
/airfield/00004692.jpg;0
/airfield/00004693.jpg;0
/airfield/00004694.jpg;0
/airfield/00004695.jpg;0
/airfield/00004696.jpg;0
/airfield/00004697.jpg;0
/airfield/00004698.jpg;0
/airfield/00004699.jpg;0
/airfield/00004700.jpg;0
/airfield/00004701.jpg;0
/airfield/00004702.jpg;0
/airfield/00004703.jpg;0
/airfield/00004704.jpg;0
/airfield/00004705.jpg;0
/airfield/00004706.jpg;0
/airfield/00004707.jpg;0
/airfield/00004708.jpg;0
/airfield/00004709.jpg;0
/airfield/00004710.jpg;0
/airfield/00004711.jpg;0
/airfield/00004712.jpg;0
/airfield/00004713.jpg;0
/airfield/00004714.jpg;0
/airfield/00004715.jpg;0
/airfield/00004716.jpg;0
/airfield/00004717.jpg;0
/airfield/00004718.jpg;0
/airfield/00004719.jpg;0
/airfield/00004720.jpg;0
/airfield/00004721.jpg;0
/airfield/00004722.jpg;0
/airfield/00004723.jpg;0
/airfield/00004724.jpg;0
/airfield/00004725.jpg;0
/airfield/00004726.jpg;0
/airfield/00004727.jpg;0
/airfield/00004728.jpg;0
/airfield/00004729.jpg;0
/airfield/00004730.jpg;0
/airfield/00004731.jpg;0
/airfield/00004732.jpg;0
/airfield/00004733.jpg;0
/airfield/00004734.jpg;0
/airfield/00004735.jpg;0
/airfield/00004736.jpg;0
/airfield/00004737.jpg;0
/airfield/00004738.jpg;0
/airfield/00004739.jpg;0
/airfield/00004740.jpg;0
/airfield/00004741.jpg;0
/airfield/00004742.jpg;0
/airfield/00004743.jpg;0
/airfield/00004744.jpg;0
/airfield/00004745.jpg;0
/airfield/00004746.jpg;0
/airfield/00004747.jpg;0
/airfield/00004748.jpg;0
/airfield/00004749.jpg;0
/airfield/00004750.jpg;0
/airfield/00004751.jpg;0
/airfield/00004752.jpg;0
/airfield/00004753.jpg;0
/airfield/00004754.jpg;0
/airfield/00004755.jpg;0
/airfield/00004756.jpg;0
/airfield/00004757.jpg;0
/airfield/00004758.jpg;0
/airfield/00004759.jpg;0
/airfield/00004760.jpg;0
/airfield/00004761.jpg;0
/airfield/00004762.jpg;0
/airfield/00004763.jpg;0
/airfield/00004764.jpg;0
/airfield/00004765.jpg;0
/airfield/00004766.jpg;0
/airfield/00004767.jpg;0
/airfield/00004768.jpg;0
/airfield/00004769.jpg;0
/airfield/00004770.jpg;0
/airfield/00004771.jpg;0
/airfield/00004772.jpg;0
/airfield/00004773.jpg;0
/airfield/00004774.jpg;0
/airfield/00004775.jpg;0
/airfield/00004776.jpg;0
/airfield/00004777.jpg;0
/airfield/00004778.jpg;0
/airfield/00004779.jpg;0
/airfield/00004780.jpg;0
/airfield/00004781.jpg;0
/airfield/00004782.jpg;0
/airfield/00004783.jpg;0
/airfield/00004784.jpg;0
/airfield/00004785.jpg;0
/airfield/00004786.jpg;0
/airfield/00004787.jpg;0
/airfield/00004788.jpg;0
/airfield/00004789.jpg;0
/airfield/00004790.jpg;0
/airfield/00004791.jpg;0
/airfield/00004792.jpg;0
/airfield/00004793.jpg;0
/airfield/00004794.jpg;0
/airfield/00004795.jpg;0
/airfield/00004796.jpg;0
/airfield/00004797.jpg;0
/airfield/00004798.jpg;0
/airfield/00004799.jpg;0
/airfield/00004800.jpg;0
/airfield/00004801.jpg;0
/airfield/00004802.jpg;0
/airfield/00004803.jpg;0
/airfield/00004804.jpg;0
/airfield/00004805.jpg;0
/airfield/00004806.jpg;0
/airfield/00004807.jpg;0
/airfield/00004808.jpg;0
/airfield/00004809.jpg;0
/airfield/00004810.jpg;0
/airfield/00004811.jpg;0
/airfield/00004812.jpg;0
/airfield/00004813.jpg;0
/airfield/00004814.jpg;0
/airfield/00004815.jpg;0
/airfield/00004816.jpg;0
/airfield/00004817.jpg;0
/airfield/00004818.jpg;0
/airfield/00004819.jpg;0
/airfield/00004820.jpg;0
/airfield/00004821.jpg;0
/airfield/00004822.jpg;0
/airfield/00004823.jpg;0
/airfield/00004824.jpg;0
/airfield/00004825.jpg;0
/airfield/00004826.jpg;0
/airfield/00004827.jpg;0
/airfield/00004828.jpg;0
/airfield/00004829.jpg;0
/airfield/00004830.jpg;0
/airfield/00004831.jpg;0
/airfield/00004832.jpg;0
/airfield/00004833.jpg;0
/airfield/00004834.jpg;0
/airfield/00004835.jpg;0
/airfield/00004836.jpg;0
/airfield/00004837.jpg;0
/airfield/00004838.jpg;0
/airfield/00004839.jpg;0
/airfield/00004840.jpg;0
/airfield/00004841.jpg;0
/airfield/00004842.jpg;0
/airfield/00004843.jpg;0
/airfield/00004844.jpg;0
/airfield/00004845.jpg;0
/airfield/00004846.jpg;0
/airfield/00004847.jpg;0
/airfield/00004848.jpg;0
/airfield/00004849.jpg;0
/airfield/00004850.jpg;0
/airfield/00004851.jpg;0
/airfield/00004852.jpg;0
/airfield/00004853.jpg;0
/airfield/00004854.jpg;0
/airfield/00004855.jpg;0
/airfield/00004856.jpg;0
/airfield/00004857.jpg;0
/airfield/00004858.jpg;0
/airfield/00004859.jpg;0
/airfield/00004860.jpg;0
/airfield/00004861.jpg;0
/airfield/00004862.jpg;0
/airfield/00004863.jpg;0
/airfield/00004864.jpg;0
/airfield/00004865.jpg;0
/airfield/00004866.jpg;0
/airfield/00004867.jpg;0
/airfield/00004868.jpg;0
/airfield/00004869.jpg;0
/airfield/00004870.jpg;0
/airfield/00004871.jpg;0
/airfield/00004872.jpg;0
/airfield/00004873.jpg;0
/airfield/00004874.jpg;0
/airfield/00004875.jpg;0
/airfield/00004876.jpg;0
/airfield/00004877.jpg;0
/airfield/00004878.jpg;0
/airfield/00004879.jpg;0
/airfield/00004880.jpg;0
/airfield/00004881.jpg;0
/airfield/00004882.jpg;0
/airfield/00004883.jpg;0
/airfield/00004884.jpg;0
/airfield/00004885.jpg;0
/airfield/00004886.jpg;0
/airfield/00004887.jpg;0
/airfield/00004888.jpg;0
/airfield/00004889.jpg;0
/airfield/00004890.jpg;0
/airfield/00004891.jpg;0
/airfield/00004892.jpg;0
/airfield/00004893.jpg;0
/airfield/00004894.jpg;0
/airfield/00004895.jpg;0
/airfield/00004896.jpg;0
/airfield/00004897.jpg;0
/airfield/00004898.jpg;0
/airfield/00004899.jpg;0
/airfield/00004900.jpg;0
/airfield/00004901.jpg;0
/airfield/00004902.jpg;0
/airfield/00004903.jpg;0
/airfield/00004904.jpg;0
/airfield/00004905.jpg;0
/airfield/00004906.jpg;0
/airfield/00004907.jpg;0
/airfield/00004908.jpg;0
/airfield/00004909.jpg;0
/airfield/00004910.jpg;0
/airfield/00004911.jpg;0
/airfield/00004912.jpg;0
/airfield/00004913.jpg;0
/airfield/00004914.jpg;0
/airfield/00004915.jpg;0
/airfield/00004916.jpg;0
/airfield/00004917.jpg;0
/airfield/00004918.jpg;0
/airfield/00004919.jpg;0
/airfield/00004920.jpg;0
/airfield/00004921.jpg;0
/airfield/00004922.jpg;0
/airfield/00004923.jpg;0
/airfield/00004924.jpg;0
/airfield/00004925.jpg;0
/airfield/00004926.jpg;0
/airfield/00004927.jpg;0
/airfield/00004928.jpg;0
/airfield/00004929.jpg;0
/airfield/00004930.jpg;0
/airfield/00004931.jpg;0
/airfield/00004932.jpg;0
/airfield/00004933.jpg;0
/airfield/00004934.jpg;0
/airfield/00004935.jpg;0
/airfield/00004936.jpg;0
/airfield/00004937.jpg;0
/airfield/00004938.jpg;0
/airfield/00004939.jpg;0
/airfield/00004940.jpg;0
/airfield/00004941.jpg;0
/airfield/00004942.jpg;0
/airfield/00004943.jpg;0
/airfield/00004944.jpg;0
/airfield/00004945.jpg;0
/airfield/00004946.jpg;0
/airfield/00004947.jpg;0
/airfield/00004948.jpg;0
/airfield/00004949.jpg;0
/airfield/00004950.jpg;0
/airfield/00004951.jpg;0
/airfield/00004952.jpg;0
/airfield/00004953.jpg;0
/airfield/00004954.jpg;0
/airfield/00004955.jpg;0
/airfield/00004956.jpg;0
/airfield/00004957.jpg;0
/airfield/00004958.jpg;0
/airfield/00004959.jpg;0
/airfield/00004960.jpg;0
/airfield/00004961.jpg;0
/airfield/00004962.jpg;0
/airfield/00004963.jpg;0
/airfield/00004964.jpg;0
/airfield/00004965.jpg;0
/airfield/00004966.jpg;0
/airfield/00004967.jpg;0
/airfield/00004968.jpg;0
/airfield/00004969.jpg;0
/airfield/00004970.jpg;0
/airfield/00004971.jpg;0
/airfield/00004972.jpg;0
/airfield/00004973.jpg;0
/airfield/00004974.jpg;0
/airfield/00004975.jpg;0
/airfield/00004976.jpg;0
/airfield/00004977.jpg;0
/airfield/00004978.jpg;0
/airfield/00004979.jpg;0
/airfield/00004980.jpg;0
/airfield/00004981.jpg;0
/airfield/00004982.jpg;0
/airfield/00004983.jpg;0
/airfield/00004984.jpg;0
/airfield/00004985.jpg;0
/airfield/00004986.jpg;0
/airfield/00004987.jpg;0
/airfield/00004988.jpg;0
/airfield/00004989.jpg;0
/airfield/00004990.jpg;0
/airfield/00004991.jpg;0
/airfield/00004992.jpg;0
/airfield/00004993.jpg;0
/airfield/00004994.jpg;0
/airfield/00004995.jpg;0
/airfield/00004996.jpg;0
/airfield/00004997.jpg;0
/airfield/00004998.jpg;0
/airfield/00004999.jpg;0
/airfield/00005000.jpg;0
